2.3884	2.1032	0.4723
1.8152	0.7368	3.9258
0.1726	0.1446	2.0678
2.3428	2.4221	1.7124
2.8317	2.4613	2.8546
0.2188	1.0124	2.1729
2.3798	1.4117	10.4473
4.5914	1.2094	1.3871
0.6233	2.1037	3.4006
3.1550	1.8994	2.9095
3.0364	0.9782	2.5027
0.5718	3.1990	3.4658
3.1842	2.8369	2.8804
2.5536	0.5658	3.5292
1.3059	1.4649	3.4130
0.3790	2.8376	2.0185
1.1673	2.0843	1.8082
1.7978	2.0436	1.5670
5.1096	0.6710	1.3717
3.0086	1.7644	0.1238
5.1979	2.4467	0.2258
0.6878	0.9577	2.8315
2.1061	2.1230	1.2711
3.0958	2.8593	1.8228
0.3297	3.2411	1.7853
1.4366	2.5223	2.7370
2.0038	2.8212	0.9057
2.8175	1.4943	1.1111
2.8795	1.6360	3.9936
1.1398	2.1962	0.8686
2.7887	0.1561	10.9477
3.7615	0.0792	0.5633
1.6914	1.7262	0.0161
0.1078	1.6474	1.7473
0.2169	2.2393	0.5220
2.0199	2.4422	0.5658
2.9057	2.2316	0.1136
0.8795	2.8230	2.3004
0.6319	0.5948	2.7977
0.5674	2.7595	0.2169
0.0330	2.6350	3.3534
1.4288	2.3719	3.0074
0.3958	0.5271	1.0221
1.5155	2.9088	2.4413
0.3459	0.5905	2.3506
2.8970	2.3121	3.2886
3.0624	0.4270	0.0750
0.3063	1.4115	1.7954
2.6927	1.3104	0.4639
0.4367	2.3273	2.4636
0.4468	4.7320	1.5669
0.0244	0.6825	1.7862
1.1859	0.9795	2.5268
2.1433	0.2665	0.8807
2.0278	2.6396	2.8436
2.9419	1.2706	0.7717
1.0881	2.7669	2.7824
1.7465	1.7490	2.3988
0.7351	0.2613	3.0631
3.0772	2.3072	1.0600
0.0516	3.1002	1.1975
0.2345	0.5114	0.0369
2.1232	0.1022	1.1126
1.4033	1.5753	1.4014
0.9783	1.4333	0.0724
0.7953	1.4347	1.2543
1.2124	3.7655	2.6582
3.0898	0.6642	0.6713
2.3549	2.1915	3.1995
3.5210	2.3180	2.4944
4.3658	2.7308	0.6766
1.1438	1.9613	2.8797
4.2571	2.9755	1.1241
1.3035	0.5772	3.9761
1.5310	3.0065	2.8368
0.1258	2.2811	0.8695
0.6096	0.6448	1.7969
1.1449	1.0523	4.0361
1.0072	2.8559	2.4729
2.6126	1.5117	0.6659
3.1087	1.5780	0.9828
0.4498	1.5430	2.6782
2.5793	2.6236	0.2330
1.3549	1.3249	0.7224
4.4575	2.8413	2.2359
2.6458	2.8401	2.3638
2.9958	3.0866	1.1318
1.9537	1.5118	0.1146
3.3209	0.8790	5.0541
2.7184	2.8089	2.7541
1.9585	2.3965	1.3424
2.1018	2.7476	1.3587
1.0559	2.9592	0.8365
1.7854	3.0338	1.6195
1.5885	2.8148	3.2480
0.0269	2.1217	0.3049
0.0377	1.8408	2.1726
3.1784	3.0431	3.2408
1.2283	0.0132	1.7942
0.8197	2.0436	0.4050
2.5692	2.1884	0.4484
1.8226	2.8554	2.0137
1.8252	1.5515	0.2436
2.9367	3.2097	2.6047
1.7101	3.3545	0.8110
1.0339	1.0024	1.1240
3.1497	0.8420	1.6978
3.2867	1.2649	1.2320
1.4422	2.3277	0.5675
2.5756	3.4366	0.0904
3.1501	2.3913	1.2550
0.8909	0.2582	1.3568
3.1730	3.0325	3.7759
2.7810	3.0469	2.5310
0.4477	2.9071	1.1806
0.8664	2.2559	0.9306
2.2194	2.9163	0.8932
3.1738	2.7832	0.8041
3.4308	2.2355	0.1030
1.2059	0.5640	0.0039
1.8741	1.9011	0.9827
2.2229	3.2102	1.7285
2.3213	2.6346	3.1347
0.0479	2.9737	1.9982
2.7121	1.4642	1.0434
0.7208	0.1360	0.8551
3.0884	1.9361	3.1200
1.9155	2.9143	2.5191
3.9740	2.6056	0.4852
2.1179	2.3866	0.5811
2.8019	0.4696	1.0012
1.1805	1.0016	1.2325
2.6206	2.7222	3.9205
1.5294	2.5907	3.5441
2.3427	1.7426	1.9963
3.1181	3.2186	3.7528
4.2603	1.5828	1.6189
2.6912	1.9550	2.4281
0.0649	1.2550	1.4058
2.0429	1.9904	3.5343
0.2260	1.8244	2.9359
1.5958	1.0744	1.5379
0.9781	3.5980	1.0084
4.3851	2.3315	0.7431
0.1760	0.4691	2.4266
0.5740	2.9312	1.6148
0.8144	0.1801	0.7297
0.9809	0.6479	2.4697
1.4984	2.6352	2.3957
0.8020	3.0775	1.9849
0.7932	2.7105	0.3257
1.9376	0.5796	5.8432
2.9781	2.5646	2.2668
0.7638	0.8226	0.3680
0.9439	2.3697	0.0181
2.3621	2.6438	0.0754
2.9025	1.4293	0.6382
3.3737	0.7612	4.3206
2.0004	0.9906	2.1561
2.5489	1.5520	2.2708
0.0408	0.3764	0.0545
4.4273	0.4441	1.1305
3.5098	0.7936	0.2851
3.0662	1.6272	2.1452
2.3761	2.4121	2.1183
1.2958	0.1462	0.3611
2.0731	1.7547	3.4181
0.5101	3.6761	0.7878
1.6502	0.5806	2.8630
3.5350	2.4331	0.1879
3.1671	0.3041	0.4475
0.7734	1.0114	0.6597
0.2676	1.4402	5.5352
3.3666	2.9160	1.9481
0.4918	1.0194	0.6283
0.0177	1.8714	2.2617
3.1906	2.0072	0.6134
0.5028	1.0214	3.8596
2.0823	1.4260	3.7550
4.2535	0.7308	0.7709
1.6870	0.6513	2.8230
1.6503	3.8817	1.1130
1.1470	1.1043	0.4299
2.6074	2.7211	1.2535
0.2172	2.6532	3.7672
1.1808	1.1096	0.6076
0.6354	4.2835	1.2183
2.4307	0.9953	2.1843
1.2714	3.5104	2.0463
3.4489	2.4412	0.3297
0.9628	1.8119	2.5158
2.6358	0.3025	3.9517
2.2259	0.0355	0.3376
1.8054	2.8801	2.5221
0.8965	2.7854	0.1878
0.3564	0.6540	0.3611
2.3104	1.4812	2.2524
3.2376	1.1552	1.3828
3.5603	1.2463	1.5253
0.1229	0.5405	3.6172
1.9800	3.2003	1.4143
4.3065	1.0342	1.7777
1.5460	2.4316	2.9770
1.6916	0.0502	3.6910
1.9669	1.3927	0.3709
3.0672	0.8894	1.2188
4.2598	0.7032	1.3640
1.3068	2.7332	3.4205
0.9001	1.3578	2.0427
2.9198	1.3597	1.3664
2.3590	2.9686	0.0563
2.9432	1.3899	2.3327
1.3889	0.7460	1.4249
1.5553	1.8820	0.4282
1.8004	2.3388	1.2955
2.1358	0.9044	1.0288
0.3810	0.1773	0.8299
1.7947	0.0386	0.4850
1.4812	2.6588	2.0306
1.0615	1.4638	1.4982
1.7587	0.6049	3.5724
3.1751	2.9453	3.5154
3.3345	2.7864	0.6654
3.4677	3.0936	2.6644
2.9921	1.0477	3.6029
0.1691	1.9016	1.7454
0.4975	3.7904	1.8083
1.4075	2.9805	4.2683
3.6597	2.9550	1.6959
0.3411	1.1345	3.4869
2.2446	0.9899	0.5334
0.9532	1.3465	2.8367
1.9316	1.6618	2.0548
3.9462	0.1987	2.2354
3.9663	0.9341	0.6359
2.9323	3.2170	2.6499
2.3493	2.4380	1.8383
1.9563	1.5117	0.4661
2.8241	0.5949	1.2680
1.4826	0.4296	0.7892
1.2034	2.4352	1.8956
1.4833	3.1080	2.2681
1.4302	1.0875	2.8827
2.0172	1.2536	1.4366
0.0909	2.5731	2.3259
0.6879	1.0921	3.4897
0.2367	1.8832	3.4742
1.8089	1.8196	4.5976
2.6668	1.1885	2.4117
0.7000	2.5529	1.4396
1.8484	1.3161	0.7968
0.1449	1.5853	2.1395
3.1646	0.9024	2.5479
2.2313	2.4874	3.4039
1.5499	1.8142	1.4564
1.9457	3.7756	1.8057
2.6947	3.2168	3.0895
3.3767	0.6009	0.4855
3.4078	2.2123	0.8279
1.1122	2.2392	0.1322
0.5751	1.6170	0.7860
4.1108	0.3843	0.4865
2.8123	0.1528	4.1390
0.1047	1.4538	0.3468
1.5410	0.7010	3.0131
0.9436	0.3467	5.0120
0.1142	1.2486	3.6941
0.1974	2.1406	2.1769
0.1975	1.0231	3.2726
1.6411	2.9844	0.3159
0.7355	2.6609	0.8023
2.4832	2.1921	3.0282
2.9505	1.6598	1.9096
0.8140	2.5511	2.0173
2.5283	1.3375	3.9295
0.5035	1.5809	0.5034
0.5738	1.5134	4.6094
0.6155	0.1044	2.7121
2.3254	1.0627	0.0228
3.0796	1.1352	1.6367
3.0101	2.8179	2.1840
3.2710	2.9709	2.2649
3.2100	0.6932	0.3761
2.0130	2.6435	0.0114
2.9838	1.3302	0.5707
1.7543	0.9609	2.6289
2.5193	1.0685	1.2416
0.0082	0.1939	1.1810
3.7249	1.0706	0.9758
0.2131	0.2135	2.7098
4.0038	1.4747	0.5011
0.1495	3.2182	1.0783
3.3065	2.7629	2.1817
3.2278	0.2429	0.7608
4.8885	0.3831	0.1808
0.6666	0.4069	2.3432
0.4672	1.8424	1.0535
1.3242	3.5513	1.2206
1.7405	0.4794	2.4867
2.4008	2.6524	0.0220
0.0243	3.3969	2.6811
2.9475	2.9442	3.3123
3.9398	3.0498	0.5521
2.3623	3.0586	1.1958
0.2202	3.1221	1.0254
0.0077	1.0479	2.3914
1.8634	0.0961	0.7304
0.5171	0.4270	2.0492
2.0104	0.6434	1.9675
0.7648	2.9194	1.0012
3.0512	2.0131	0.6823
2.7875	0.1575	2.0045
0.6999	1.2917	0.3957
2.7696	1.3041	4.4322
0.5073	0.7495	3.2789
1.0958	1.9690	2.5793
2.4913	1.0636	3.4370
3.0695	2.6266	2.9605
1.1267	3.0586	2.3013
3.1243	1.8552	1.6166
2.3749	0.0352	2.0715
2.5197	1.0667	2.3320
1.3794	0.7483	3.5718
1.2903	0.4864	0.4666
3.2376	3.0474	0.7842
0.2618	2.4376	2.3627
2.3956	0.8534	1.2660
0.5812	2.7360	1.4641
2.6186	0.6075	1.4319
1.0903	1.7004	0.2448
2.1633	0.5936	2.7213
3.2091	0.0330	1.1208
3.7718	1.4657	0.9340
2.9968	2.2611	2.6288
1.5180	2.6966	0.8452
2.4773	2.5706	3.4935
0.5845	0.9604	1.5625
3.0481	2.3616	2.5526
0.8035	1.1320	1.8392
2.6885	2.9580	4.0996
1.4664	1.5740	0.2869
1.2641	3.0931	0.1759
2.6480	2.2695	4.7155
0.0321	2.7878	0.5492
2.6577	2.2029	2.6340
1.9152	2.1893	2.6183
1.2005	1.4826	2.4755
1.8049	2.0315	1.1897
0.6552	2.5645	2.0506
2.5676	1.3402	3.9071
3.5003	2.7465	2.5191
1.1574	3.6066	1.6838
0.6604	2.4903	0.8384
2.4961	3.1103	0.7801
2.5513	1.0830	1.4751
2.9787	1.4830	2.2282
1.6019	2.9226	1.9825
0.5790	0.7719	2.0261
2.5658	0.1164	1.1058
2.1113	3.1916	1.3804
0.5023	0.7409	1.9272
2.2270	1.9474	2.9193
3.1013	3.0450	2.8816
2.0618	1.1130	2.6743
0.9277	3.2702	2.4354
2.8086	2.8307	2.8104
2.5883	1.6305	5.0313
0.2473	3.2885	1.4258
3.8341	1.4322	1.0835
1.9688	0.4848	2.8015
2.2010	3.1325	2.4082
2.7705	2.7770	2.0874
0.0301	2.0231	0.4782
2.5724	0.8627	3.2776
2.1470	3.1858	2.7412
3.1365	0.9649	1.6190
0.5357	0.6141	4.7269
1.4538	0.5762	1.5577
2.5766	1.9867	0.5900
0.9790	4.1601	1.8079
1.1326	1.7225	7.0572
1.3959	0.5876	0.7842
0.0192	2.7301	2.5529
0.7086	3.3416	1.4449
0.1483	0.4585	1.0865
2.7222	2.4111	4.4969
2.2166	2.0593	7.3345
0.1978	2.8028	1.8795
0.4833	0.4436	2.9351
3.3271	2.3386	0.7465
2.8898	0.4504	4.4425
2.7394	0.6245	0.4673
2.1724	0.8519	0.6676
2.8225	1.4799	2.7092
1.3663	0.8760	0.1373
1.9705	1.3463	1.8781
1.8180	1.8582	1.3059
1.8374	3.4793	2.6417
2.8129	0.0618	2.4467
2.5600	2.5265	0.1729
1.6617	0.9928	4.1019
3.4054	1.4722	2.3226
2.1229	1.7312	2.2143
0.8757	2.9111	0.0444
1.0009	2.0667	0.4530
0.5603	2.5253	0.7065
2.5233	2.3493	2.3682
3.2740	0.1475	3.5192
1.7459	0.5092	0.8623
2.1128	2.4894	2.6426
1.4270	1.2809	2.6385
2.7540	2.6551	2.5905
1.3907	3.0050	0.8537
2.2574	0.8977	1.9312
0.4503	2.9867	0.0361
2.1569	1.3208	0.9043
1.9439	1.6279	1.1267
2.7145	0.0726	1.3164
0.0825	2.4500	2.4469
0.3220	2.7212	1.3694
3.4102	3.2269	0.1149
1.4684	1.0559	2.9644
1.4866	1.0820	2.5020
0.9426	2.9768	2.5663
4.1516	2.5253	0.3514
1.3474	2.9927	1.6842
2.8788	3.0159	2.5594
2.1845	0.6792	0.9966
0.0117	3.3848	2.7371
3.0278	2.0491	1.7576
2.6191	0.8188	0.3540
0.8099	1.6624	2.0311
0.4633	2.6031	2.1141
2.9851	1.3155	3.8458
0.9967	0.3776	1.4723
2.8700	1.5373	0.3864
3.6578	0.1331	0.0571
3.1402	2.4728	0.9168
0.2287	2.9153	1.6891
3.4858	2.8785	1.1537
2.8880	3.3892	1.6049
0.6240	2.9735	1.4203
0.4897	0.1081	2.8948
1.1886	2.6584	1.0292
0.2084	1.0219	1.6316
2.9442	0.0462	2.4197
2.3066	0.7714	1.7212
2.3560	2.9407	0.1559
1.7900	0.3995	1.5424
0.9684	0.6686	3.0539
2.4608	0.0901	7.9610
0.3609	3.4016	2.9492
2.7466	0.4172	2.0775
0.5816	2.6146	2.5211
3.0241	2.7941	0.8797
2.5827	2.6432	3.7231
2.7021	2.8864	2.8976
2.9021	3.2156	1.7227
0.8563	2.8161	2.5774
0.2211	1.6914	0.1113
2.1413	1.6881	1.3806
1.5626	1.7261	2.4868
3.0182	1.4242	1.5318
0.6976	1.2051	1.6616
1.3590	2.1096	2.6738
2.6450	2.4370	4.2570
0.9218	0.6270	3.6695
2.8284	2.0804	3.0484
0.8218	0.1933	1.0516
1.8731	2.0293	2.5800
2.8335	2.8315	2.7924
3.6804	2.8039	2.0011
2.3375	2.8686	2.8764
1.5243	3.4355	1.5918
2.3388	2.5616	0.6811
0.6516	1.0494	2.0717
0.6688	3.0185	4.1987
3.1399	0.6941	0.7453
0.2810	2.6107	2.8466
3.2138	3.1557	1.6308
0.6278	2.8208	0.8721
0.7903	0.1530	1.8101
2.6824	2.7311	0.1128
0.3982	4.0534	1.6739
2.8207	0.6923	1.2193
0.7751	0.9227	3.3388
2.9648	1.7176	0.2762
2.3014	2.2551	1.9857
1.3586	1.3654	0.4477
4.1249	1.2055	0.7970
2.3291	0.6461	1.2547
1.9450	1.7029	1.4632
2.4834	2.7910	3.6076
2.3386	3.5551	2.1303
1.8134	1.5075	1.0541
1.8048	2.9021	1.8798
2.5427	2.7383	4.4322
0.5250	3.3275	2.0110
0.5749	0.0162	3.3790
1.0477	0.2750	0.9445
2.3920	0.3589	2.8879
2.0700	1.3524	3.3002
0.3514	3.7061	0.9703
3.0634	0.5917	6.9752
2.3613	2.5668	3.5492
1.1844	2.7380	0.8653
1.5513	2.0645	4.0205
3.1576	1.3345	3.1482
0.5050	3.2014	4.2883
2.2560	1.8257	3.6968
3.3753	3.3480	2.3658
2.8026	2.3933	0.8105
0.4047	0.1888	2.4649
3.3614	0.3838	0.8994
2.9560	1.4088	3.2800
0.2394	1.7119	1.6180
3.0543	2.9174	1.8992
3.3754	2.4984	1.9548
1.2314	0.7101	0.4836
0.3744	2.8847	0.5006
0.8740	3.2444	2.9063
0.7110	1.5382	1.8185
0.8088	0.2924	6.4559
1.5511	2.1022	3.2281
0.9693	1.2776	1.7221
2.0445	2.6660	2.1899
0.6956	0.7041	0.8159
1.2590	1.3791	0.8500
2.6325	1.2065	4.5251
3.4413	2.6338	2.6506
3.1951	2.1250	0.4877
3.2304	2.2005	0.2279
1.4020	1.7106	1.3677
3.5351	3.3472	0.9674
0.0351	2.1286	0.5518
0.8522	3.1740	1.9134
1.7944	2.6439	1.3023
3.3098	2.1700	1.2529
1.7093	0.7284	4.5341
3.2707	1.4807	3.4066
3.3869	2.0228	1.6346
1.6746	1.6338	1.8602
0.6277	1.0756	0.5203
1.6716	0.7085	2.8562
2.2144	3.0864	1.4118
1.9253	2.4728	0.5894
1.8665	2.4905	1.2343
4.3826	3.2548	1.6833
3.2582	2.8508	1.7863
2.2139	3.2962	0.5781
1.9753	0.9198	0.6207
0.1721	1.5892	2.3486
3.0241	0.4535	1.0361
0.3851	1.4601	3.4275
2.4442	1.6475	2.8440
0.5775	0.0821	1.0596
2.5142	1.1142	0.0453
1.1388	0.6749	3.2055
0.8418	2.6816	0.0531
1.0408	1.8076	0.3537
2.3908	0.0566	3.1453
0.8106	2.9502	3.6716
3.2148	0.6940	2.5250
3.1655	0.0841	5.1239
0.5546	3.7314	2.0183
2.9406	0.9667	1.5531
1.4569	2.3063	4.1123
3.2496	2.2711	0.5153
2.6482	2.3700	2.0573
3.5068	0.3967	3.9441
0.7119	2.9200	1.0841
0.2343	2.8304	2.2287
2.3347	3.3358	1.9341
1.6433	0.7602	1.3335
2.7129	2.6990	2.7323
2.3473	2.3359	5.8391
3.1353	1.7435	2.9087
2.1466	1.2722	2.3803
2.9929	0.6730	2.6231
1.7397	2.8701	0.3064
2.5201	0.7698	0.3824
2.6948	2.7788	1.3706
1.9552	3.7127	1.3380
0.7024	2.8858	3.4416
0.6064	2.1993	0.6003
3.0313	3.1234	2.5457
2.5904	1.9915	2.0797
2.6049	3.1893	3.1809
0.3752	2.6808	3.6608
0.0894	2.6013	0.6724
2.2064	2.8017	1.4922
0.8550	0.4639	0.0068
1.9089	2.0520	1.0836
1.7727	1.0007	0.3268
2.0007	1.4656	1.2548
1.3646	3.2280	3.1569
2.3308	1.0424	1.5156
2.2824	2.3920	0.8637
1.5824	0.8654	5.5917
0.8439	0.3439	2.1902
1.9981	1.2165	1.1870
0.1446	0.6536	1.2310
1.6302	0.8009	1.9747
3.2224	2.8873	2.4720
2.2857	0.8396	0.5728
2.4407	1.3251	2.6922
0.5673	1.7644	3.4691
2.6273	1.8902	1.9694
2.7449	1.4069	0.5101
1.7037	0.5141	2.6931
2.1734	3.2458	2.5126
0.4871	3.2147	0.9744
1.6173	0.0206	0.9248
0.5596	1.4782	2.3494
2.1433	1.2952	1.8614
1.2723	1.6314	3.9601
2.6983	2.9043	2.8810
2.5479	2.3243	0.9144
1.4904	1.5091	0.7909
0.5289	2.7020	1.6856
1.5380	2.2701	0.2662
0.6398	2.6701	1.5514
1.3037	2.3276	5.4939
2.4894	1.2861	2.2374
0.8770	0.9546	0.4796
0.1218	3.5455	1.2411
3.0227	3.0144	0.0447
2.6583	3.1893	2.6521
0.8425	4.1837	2.5162
0.2300	1.7492	2.1475
2.0978	3.1456	1.7437
1.8823	2.9006	1.1201
2.2920	1.4200	0.8077
2.4791	2.9951	0.5178
1.1592	0.5719	1.0956
3.0181	3.5238	1.8654
2.8450	3.2856	1.3650
2.0278	0.6941	2.6904
2.1046	1.4311	0.0079
3.4569	4.3416	1.1227
3.5793	2.5506	1.2382
3.9916	0.3108	2.2975
0.7351	2.1107	2.3599
0.8383	1.7848	1.4467
1.6872	0.8306	2.2562
0.0089	0.2729	0.7685
0.6053	2.2903	0.0058
0.0434	1.5579	4.7522
3.8940	0.2613	0.8094
3.3407	1.0900	1.6104
2.3430	3.4861	3.2762
2.0488	2.8991	1.7305
3.4856	3.0459	3.3824
0.2135	2.2278	2.7768
2.9980	3.3925	1.8754
1.5079	1.4810	1.1463
2.7488	3.0813	3.9464
0.2278	3.1718	0.8116
2.6278	2.9148	2.9235
0.2935	0.3440	3.7049
3.5100	3.0053	1.8745
3.2786	3.4621	0.8415
0.0980	3.2488	0.3239
3.0502	1.0786	2.5324
1.8354	0.9616	1.8128
3.0428	3.2915	2.7738
2.6246	1.8524	4.1422
2.9523	0.2551	2.9349
1.9578	3.4240	2.2363
1.1995	0.8759	0.4663
1.3048	2.1199	1.7092
1.6249	2.0199	4.6575
2.8577	3.1782	1.9814
0.1097	2.7043	0.0561
2.7753	2.7142	1.9431
2.1560	2.1114	0.5375
3.3488	2.7466	1.5726
1.3726	1.3140	3.2329
2.5864	0.6272	1.4808
0.5352	3.5255	2.7896
0.9575	0.3329	0.3697
0.1457	3.5768	2.9909
2.5257	3.7952	3.0238
0.0872	1.8663	2.3431
0.6061	0.7341	2.2812
2.3858	3.0760	1.6011
1.2928	3.3412	1.7781
1.7499	3.0050	0.0283
1.3468	2.8355	1.4062
0.8949	2.1758	2.3876
3.0248	0.1132	2.4838
1.0181	3.1069	1.9490
2.7536	2.6237	0.2967
0.9946	0.6863	0.4219
1.1795	1.2272	1.1081
4.5626	2.9506	1.3312
2.3256	1.2797	1.2271
0.4703	1.4352	4.0047
0.0352	3.3748	0.8743
2.2466	2.4489	1.2890
3.2339	1.7457	0.5953
2.2758	2.1531	1.9578
0.0550	0.8606	3.3809
0.2470	3.0738	1.7873
0.7477	0.7059	0.2406
1.8085	0.8094	3.3258
1.5454	3.1375	1.5981
2.5692	2.3187	3.5769
3.1322	2.8359	0.3932
0.1725	0.6314	4.0517
1.0184	2.6300	0.8758
0.0640	0.1681	1.4425
0.8679	3.3184	1.1492
3.2769	3.0011	2.7711
1.8823	2.9894	3.1056
1.6327	0.9274	2.6786
0.0583	3.2180	3.1507
2.5502	3.0706	2.7378
2.3361	2.5604	1.9389
0.1731	0.9867	1.9485
3.0738	2.3493	2.8329
2.5432	0.0140	1.4277
0.9996	2.9293	2.9017
1.2345	2.7748	2.9361
1.1546	0.0722	2.4566
1.9733	1.1145	2.2600
1.4984	3.2386	0.4693
0.4524	3.0149	1.6268
0.5915	2.8223	1.1046
2.2038	0.3220	3.2764
3.3506	2.4519	0.8786
0.5890	2.3972	0.5146
2.6344	1.9769	0.4856
0.2900	0.8393	4.3582
2.0560	1.2234	0.8998
0.1334	0.5572	2.4236
0.8601	3.8960	2.9572
2.8570	0.0113	0.6839
2.1844	2.7219	0.4708
3.5140	1.0218	0.6813
0.5038	0.2514	1.7640
5.0992	0.8880	0.0547
2.3634	2.8822	2.6988
0.2833	1.1838	0.5949
0.8106	3.5415	2.6450
1.9816	2.3086	3.5713
2.6257	1.4476	4.4678
0.3079	3.6364	2.3232
1.0834	2.1896	3.7215
2.9872	1.7579	2.5421
2.7837	3.2268	2.7130
0.7959	3.0173	2.7767
2.2514	0.5412	1.7043
1.5188	2.5565	0.3293
3.3212	1.7252	2.2493
1.9892	0.6525	3.2972
3.0015	3.0574	0.3886
0.1595	2.4082	1.3115
1.2941	0.4915	2.3112
3.0208	0.6896	3.7168
2.0153	2.1682	0.0404
1.6914	2.8252	3.5679
2.8486	1.1420	0.8528
1.4046	2.7527	3.7332
0.5924	3.0724	2.0249
0.8070	0.1959	3.0385
1.6187	1.6475	2.2241
2.5851	2.6745	0.2410
2.6047	1.7024	2.9544
0.9492	2.0394	2.2898
0.9479	1.0694	2.3417
0.5814	1.1249	1.4763
1.1693	0.7408	0.0160
0.9897	0.6766	3.3899
3.0681	0.0067	2.7580
0.1688	2.9443	2.5388
3.4030	2.7526	3.2595
0.1991	0.4702	1.9145
2.6315	3.0834	2.4667
0.3396	2.7860	1.6557
1.6678	1.3072	0.4089
1.1462	2.9834	1.7799
0.2945	1.5714	3.4784
0.4888	2.1101	5.7526
0.4300	2.9840	2.0217
1.4830	3.1759	0.1899
1.4176	0.4559	4.3310
2.0456	1.2056	1.7036
1.6638	1.5304	2.9872
2.6866	2.6653	2.4169
2.4925	2.6721	0.0562
2.0477	2.2852	1.6176
0.6743	2.7607	4.3061
0.9245	3.6098	1.3156
0.2589	1.6014	2.5910
3.9941	0.1375	3.3994
3.3687	2.6774	0.3617
3.0254	2.5046	2.7338
0.2474	3.2417	2.1714
1.6228	1.0371	4.1929
1.6870	1.9316	1.8021
0.6178	1.3355	0.0281
1.0959	0.2277	1.3503
2.3214	3.4987	2.1733
0.6608	3.4870	0.8151
3.3153	1.3895	1.1440
3.1081	0.9150	2.7071
0.5618	1.9731	1.3308
2.3805	3.0412	0.6204
2.8778	1.5394	0.6565
0.9039	2.3404	0.0343
2.9673	2.8128	3.8302
0.4543	1.1681	1.5601
1.8454	0.6787	3.2583
2.5176	3.3256	2.6890
1.6248	0.7716	1.6464
3.3641	2.6759	1.0198
2.6584	2.7753	0.4314
1.8130	0.8015	5.7445
1.3487	2.7854	4.2774
0.0163	2.5302	0.2704
2.7862	0.5728	3.2256
2.4900	2.7463	0.0623
2.3591	3.0602	1.9708
3.5735	2.7267	2.7477
0.0864	1.2393	1.1922
0.0664	3.2123	3.0062
3.2533	1.2116	0.4993
0.3741	3.9548	2.3699
0.4985	2.7998	0.2767
0.1870	1.0403	2.9804
0.5264	1.3919	1.8260
0.0979	1.2680	1.9289
0.2883	1.2727	1.3132
0.2020	2.5582	1.5544
1.7075	0.7724	3.2218
3.4605	1.6097	1.3070
2.8671	0.1621	0.8187
2.5460	0.4510	2.2422
0.8331	0.4325	4.3719
3.6258	0.1203	4.0515
0.7981	2.4905	3.0929
0.0601	2.0274	0.6435
3.0773	1.2203	3.9794
0.2862	1.0096	1.8816
0.7034	0.6020	3.2356
0.0787	1.3123	1.6350
1.5539	1.8384	4.5363
2.5793	2.6846	3.0012
2.8440	3.1865	3.7391
3.0871	2.7668	3.5616
2.1544	0.9870	2.8606
2.7788	1.3908	2.7584
0.0227	1.0324	1.8215
0.6881	0.5028	2.6194
0.1767	0.4822	0.2958
1.6019	2.1891	1.0620
0.6795	0.8314	3.5601
3.0327	2.8270	0.0142
3.7876	1.7960	1.8413
0.6237	3.3754	2.8849
2.9505	0.8437	0.7951
1.1815	2.0356	1.5929
2.6162	2.4469	2.6184
0.3745	0.0518	1.9415
2.1364	1.5486	0.8944
1.6441	0.5247	3.0678
3.1964	2.4156	1.3065
1.4482	1.4798	1.8406
3.0807	2.6311	0.7528
1.6706	2.9184	2.4845
0.8749	2.2842	0.2210
2.0818	0.9673	0.0444
1.8543	2.5126	1.3870
0.7749	2.6709	2.0271
0.0986	2.3084	2.1390
1.5241	2.4186	2.8631
0.0240	0.2817	2.3068
0.9115	2.8010	2.1878
1.7455	2.7706	0.6022
3.7342	2.3843	0.3445
2.7862	1.5333	0.9491
0.3513	1.5481	0.0168
2.0020	0.6705	4.9123
0.4333	0.2605	0.3331
0.1954	3.5398	2.0164
0.7275	3.4704	2.9349
2.4111	3.0134	0.7439
1.1181	1.8220	0.6372
2.7722	0.0670	3.5765
2.8858	1.3293	2.5733
1.6718	1.6139	3.3725
1.7074	0.0355	3.0742
3.7022	3.6656	2.0399
0.8394	3.1006	3.8893
2.5086	2.2501	3.1094
0.5228	2.9497	2.8423
4.1933	2.7397	0.5180
1.3778	3.4254	0.0410
2.6849	1.2419	0.0520
3.0026	1.5340	1.1992
2.4769	2.2201	3.1728
3.0501	1.7949	2.7993
2.9763	0.4269	3.7684
0.6685	2.6189	0.7959
3.0158	2.7191	2.7541
0.1061	2.0406	2.2819
2.5243	1.7483	0.3380
0.4418	3.1345	2.0381
2.2413	4.1850	1.5167
1.0596	1.1676	0.2201
3.3350	1.5028	3.5450
3.1522	0.6397	6.4374
3.7908	0.1177	1.1586
1.3369	1.9359	0.3616
2.2381	1.0456	0.7126
2.8639	2.1705	0.0968
0.0084	3.0931	0.5233
2.8115	0.1509	0.6929
3.0363	2.9366	0.7228
2.7463	2.5005	0.2772
2.0906	2.9108	1.1710
1.3120	0.8511	2.9237
0.9395	2.7279	0.2203
3.3224	1.7710	2.9469
0.6171	2.7644	0.6450
1.1768	0.5626	0.9956
2.9516	1.2931	0.9591
3.1130	2.0750	1.4588
1.1768	0.8872	1.3913
1.2630	1.6018	5.9667
0.4039	0.2453	1.6311
0.7542	2.6796	3.1238
3.1987	0.2922	2.3486
1.0504	0.4577	1.6181
0.1603	1.6968	2.8981
0.4224	2.4628	0.3241
0.3626	0.4144	1.8092
0.3541	0.7560	2.2546
1.4866	2.0135	0.4691
2.6753	1.0712	3.6480
2.8935	0.7093	4.2074
2.9205	0.8427	5.0457
0.8835	1.2091	0.1734
0.2856	3.2868	2.5695
3.2421	2.8855	0.8820
1.4768	0.0638	0.0262
1.6331	3.2801	2.6228
3.2620	2.5313	3.0296
3.7726	2.0035	0.1395
3.0081	3.0771	2.6512
0.0104	0.5030	2.0447
2.9372	3.1775	2.1567
2.3742	0.5404	3.2782
0.1772	3.2853	1.4879
0.4307	2.9473	0.7422
1.3567	1.5560	0.6782
0.6966	2.5850	1.2070
2.6626	0.1140	2.3935
0.9592	1.5094	2.2353
2.8670	3.4910	3.2313
0.5052	1.7657	1.2425
0.3816	0.9703	3.2941
2.8261	1.1487	2.7819
2.6278	2.4785	2.1965
0.5754	1.9323	2.5254
1.9733	2.2782	2.9357
3.1196	2.9288	1.8210
2.7388	0.1887	8.1289
0.1836	3.0346	3.2211
0.0365	0.8651	0.3444
0.0661	2.5090	1.1863
2.9671	1.7249	0.7973
0.0131	2.0909	2.1592
0.8832	2.9366	3.6763
0.6712	0.3748	0.9786
0.2273	0.0941	1.2487
2.8801	0.8693	4.6573
1.2101	3.7402	0.6391
1.2354	3.1160	0.8948
2.1742	0.8999	0.3887
2.3917	1.5937	8.5516
0.5723	1.7936	1.3150
3.3470	3.4305	1.1373
1.4818	2.3035	1.9527
0.6687	1.4681	2.5027
2.7497	3.0349	2.4172
0.4278	0.1657	1.6754
0.3395	0.4858	3.1106
0.3188	1.6565	2.1516
2.6427	1.6776	1.9611
0.4983	3.0865	3.7721
1.3859	0.7937	2.1781
2.3270	2.5681	3.6691
3.6564	3.3470	1.9504
3.5606	2.5849	2.3709
0.6959	1.3908	1.4439
2.5907	0.9950	4.8025
2.1844	2.6319	2.8573
0.1425	2.7107	0.9998
3.0760	2.4942	2.3872
3.1040	1.0192	2.5101
2.2833	2.3304	3.2966
1.6072	0.6275	2.3046
3.2168	0.3357	0.1002
1.0277	2.9111	2.2531
1.6128	2.3052	4.1244
3.3819	1.8242	0.2803
2.8283	2.7695	2.9363
3.3139	2.4502	0.6146
1.6136	0.1403	0.7821
2.5890	3.1536	0.7507
1.3869	0.4894	0.3093
2.4216	2.6531	0.1874
2.9569	1.2522	3.2529
2.5457	2.4525	0.1971
2.3277	1.2416	4.3260
2.5316	1.1150	0.0527
5.7656	0.5521	1.5835
3.3225	0.9114	0.9378
1.4466	1.2631	4.0050
0.0906	0.4429	3.1417
3.4428	2.4143	1.6179
2.2275	0.7689	5.6876
0.9874	0.0420	2.5916
0.2397	0.0722	1.2188
2.3516	3.3525	2.9713
0.6171	2.7079	0.7559
0.6858	1.2747	1.8078
3.4486	0.6798	2.8993
1.4772	2.9061	0.0415
1.7314	1.5232	3.9946
3.2129	0.8944	0.9066
1.0178	1.3985	1.7002
1.9091	2.8320	2.5387
2.5842	1.0749	0.6457
0.9964	1.9553	1.5725
3.0483	2.2042	1.2335
2.8491	2.7270	1.6130
2.9685	2.9501	0.0605
2.7785	2.3788	0.4859
1.1063	1.0405	3.5294
0.9152	2.5388	2.4742
4.1674	0.0648	0.5948
2.2319	1.2222	0.9519
2.7252	2.3840	0.6895
2.9009	0.6477	2.3717
3.0473	0.9520	2.1797
0.7326	2.4130	3.3259
2.2199	2.4349	2.9869
1.8950	1.0441	2.1840
3.0737	3.0630	3.0934
1.6955	1.1963	3.3494
2.9536	2.1910	2.8900
3.0271	0.7208	1.0314
1.4927	0.6218	1.0428
2.2308	3.0719	3.8265
3.8426	0.7363	1.5479
0.6808	0.4167	2.8176
2.7525	0.4851	4.8080
0.7007	3.1414	0.9813
0.1561	2.5515	0.0060
3.0201	1.6093	2.0664
3.1798	4.0249	0.2818
2.2113	3.1708	1.2681
1.0837	1.2272	1.5009
2.5326	3.3328	2.3777
3.6429	2.3355	1.0664
0.1042	0.4048	1.3453
0.0638	2.4340	2.5627
1.4307	1.4011	2.3728
0.7456	1.4277	2.7517
2.8045	0.5464	3.5942
1.1249	0.5846	6.0511
0.0624	2.7493	1.8785
0.0416	0.4805	2.3055
0.4403	2.3879	0.5411
0.4365	0.3019	1.1031
0.3614	2.1850	1.1951
1.5668	1.6815	0.8920
0.2201	2.7841	1.6852
2.3894	1.0778	1.9968
4.1137	0.9098	1.5495
0.4126	0.4381	0.2091
2.1039	1.4364	3.4352
1.5177	2.5768	0.0270
1.6787	2.4377	3.5681
2.5776	2.4710	0.6182
2.0301	1.7707	0.8669
0.0088	3.1439	1.5918
1.6467	3.3256	0.5973
2.9032	1.0142	5.0562
3.2629	0.3029	1.0412
1.3092	2.5171	0.0730
2.5779	0.7181	4.9767
1.3025	3.2100	0.3315
0.5373	1.5304	2.5924
1.0743	2.4136	0.3057
1.6081	0.6661	4.8002
2.9709	2.3237	2.7638
2.8092	1.7269	0.2650
2.8975	2.6210	2.8005
4.5343	1.8153	2.3969
1.1902	1.4301	1.7725
1.3496	0.2861	1.1241
3.3140	1.5006	1.2325
4.2369	0.6550	0.9255
0.8895	4.3646	2.3681
1.2052	3.5033	2.6771
1.9188	0.9700	0.4476
1.1048	1.8798	1.9025
0.9088	2.8516	1.2722
0.7362	2.5667	1.7270
0.4978	1.3629	1.3665
2.1946	3.3825	3.9388
0.8186	0.4022	1.4802
2.4129	1.2709	0.2988
2.9118	1.3834	0.8874
2.5606	0.4151	7.9858
1.4693	1.2062	2.5886
1.2651	2.5490	3.1938
1.2448	3.3012	3.4291
0.0506	1.4278	0.0348
2.9986	2.5871	0.3656
3.4102	0.4948	1.8059
2.0021	0.8262	4.2862
3.5830	1.6390	0.3986
0.5194	0.9815	2.0349
3.9939	0.7011	1.8630
0.6139	1.2083	3.8201
3.4776	2.4983	0.6825
3.3778	0.5123	0.6921
0.6375	2.9160	0.9957
2.9489	2.2868	0.4154
1.4676	3.3047	0.1316
0.3945	2.9621	1.1183
0.6364	0.8405	1.5516
0.4478	0.0966	6.7292
1.5663	1.0501	1.4368
2.1731	1.0696	0.3984
3.2658	0.4831	3.1034
0.4373	1.7594	1.0893
3.4921	2.2945	2.1316
2.0962	0.8686	1.4642
3.2287	3.1360	0.3085
1.0246	1.4901	0.8353
2.5589	1.2390	2.0527
3.6741	3.4177	2.5072
2.6848	2.8339	0.5558
2.1142	0.2966	5.0588
2.4077	3.0082	2.3133
0.2917	1.8887	0.3527
0.0551	0.9834	0.0313
2.6618	0.3022	2.8841
2.6026	2.6498	1.3343
0.7879	1.5180	2.4793
0.8712	2.9844	2.4411
3.4647	3.3173	0.1991
0.1017	0.6548	3.7833
3.1260	2.8139	0.8949
2.3700	0.5130	3.4048
1.8790	1.1176	6.4371
2.7944	3.0761	3.4708
2.9178	3.4861	2.2479
3.6730	2.6954	1.2395
2.7713	0.8108	1.4161
3.5033	1.3811	0.1370
2.8148	2.4117	2.3142
3.3241	3.2971	0.4140
2.3712	2.8859	4.6208
1.3523	1.0278	2.5214
1.5294	3.2330	0.2940
1.4812	1.3893	1.8131
2.5087	3.0808	2.2846
2.0095	1.9761	1.3994
3.1398	0.7496	3.1221
3.0364	1.2575	0.9912
1.7273	3.0243	2.2311
0.5136	2.8436	2.0256
0.1372	0.4759	6.2504
0.7526	2.1175	1.9198
1.9812	3.3668	2.4784
1.4780	3.0451	2.1132
1.1477	0.4481	3.3838
3.8895	1.2329	2.2942
0.9976	3.3196	2.1668
3.4128	3.1372	1.6414
3.9498	0.5530	3.6479
1.1011	2.3804	2.5467
1.1192	1.0325	0.9721
1.3119	1.7498	2.2498
3.1379	0.6164	1.7390
2.1014	1.8994	1.1258
0.7781	1.9536	1.8026
2.1283	2.4867	5.4891
1.1400	2.8844	3.1666
1.5091	2.9000	2.9081
0.1623	3.1893	0.0371
2.4487	0.9277	0.8912
1.5077	2.8345	0.7099
1.0713	3.9819	2.4869
3.8210	0.0490	1.5905
1.9517	0.7051	4.2536
0.2454	1.0144	1.4943
2.7296	3.2452	4.2534
0.2277	0.0818	1.2979
2.3962	1.7255	3.2933
0.1009	3.1015	2.4129
0.9146	2.8090	0.8342
3.4735	1.8032	1.0479
3.6909	1.1445	0.9383
2.8003	2.9814	2.3096
2.8024	2.5817	1.7734
2.1558	2.7646	1.2761
2.1895	3.1102	0.7159
0.5837	1.1004	2.1628
0.9079	2.4135	3.0966
3.0334	0.7591	2.6676
3.3231	2.8305	2.7390
0.5186	3.0833	0.9624
2.5349	0.3407	1.5266
3.4248	2.1397	0.4417
2.8848	0.6870	1.7444
1.2000	3.6159	1.7218
3.1445	0.0991	2.1095
2.0832	1.9651	0.5553
0.9047	1.0886	2.4622
1.4786	2.1248	2.3458
3.7800	1.3041	1.1812
3.1622	2.6596	2.5771
2.7606	2.4997	3.1017
1.5899	1.5368	1.8477
3.6031	0.9642	0.4237
1.0466	0.6034	0.6430
3.0633	1.7125	2.4906
0.8588	0.3940	0.2560
1.7342	0.0793	4.1365
0.5901	1.6915	0.2582
2.8976	2.4485	0.0837
3.3168	0.5112	2.9783
3.6168	0.4830	1.2497
0.4215	0.8667	1.8552
2.3723	3.1061	2.9528
1.5877	1.3458	1.7179
1.4403	0.9156	3.1272
2.2025	1.6507	3.0279
1.6408	0.6564	0.6443
0.0439	3.9145	1.6455
3.7285	3.4058	1.3910
3.1171	1.5878	2.2602
3.0368	2.9144	2.4431
1.4966	2.7165	0.9160
2.0429	1.7044	3.6850
2.9103	0.4220	5.3329
0.2851	1.5903	0.8452
2.8588	3.4494	1.9505
0.2145	1.2636	3.2294
0.2435	3.7948	0.0437
0.7733	2.6655	1.8469
1.7542	0.1058	0.8267
3.2596	1.0535	0.1258
0.4420	3.1909	2.5350
0.5374	0.7535	0.3363
1.5847	1.3795	3.5284
0.7952	0.6768	3.8715
1.4086	0.0129	0.6700
3.1373	2.5024	2.9147
2.7223	0.8329	2.2239
3.6692	1.5021	0.4721
2.8714	1.5841	0.8540
1.5040	1.0955	3.3284
3.4636	2.5921	1.0057
1.2983	1.3854	2.2462
1.9217	0.0180	0.4453
3.4436	2.0886	0.6902
0.3847	2.6861	1.8440
2.3379	2.8049	0.8971
2.9502	0.3321	2.2022
0.6509	1.3305	2.7200
1.2125	2.0093	0.3591
1.4852	0.3698	0.8446
0.1227	0.3464	4.6972
1.7620	3.1989	2.4750
2.5271	2.8088	3.5846
2.0156	1.2525	3.8311
2.3591	1.0258	1.1667
3.5415	0.4326	1.6686
0.0175	2.1938	0.0958
1.3759	0.4666	0.0970
1.7592	0.8184	1.6751
3.1331	2.8230	3.1390
2.6249	1.7840	2.3348
4.1268	1.5688	0.6007
0.6035	1.7061	4.9026
2.8434	3.5908	2.3260
3.2242	2.9065	2.1847
1.1384	0.2875	2.5447
3.0713	2.9281	0.2561
2.2725	2.4770	3.1499
1.8836	1.3609	1.9170
3.3867	0.8745	4.7472
0.5474	3.3360	2.8193
2.1551	2.9177	3.8799
2.3201	2.8688	1.5901
0.1186	0.1882	1.6944
0.6151	3.1913	1.6528
0.1291	2.3501	1.9740
4.0419	1.4032	0.4477
3.1409	3.2004	2.0375
0.8277	3.5129	1.8728
1.8901	1.3850	7.5740
1.4766	0.4932	0.9513
2.6733	2.3781	2.3743
1.2526	1.7944	1.5450
0.5318	1.3263	1.1141
0.5087	1.7596	1.8741
3.4709	0.0306	1.7460
1.3293	3.0767	1.1135
0.4188	1.7066	2.4627
2.7154	0.7483	0.8185
1.0810	2.6446	1.8851
3.0789	2.4797	1.1830
1.3496	0.2316	0.0460
1.4652	2.9530	2.7855
0.4354	3.1008	2.7413
0.3045	3.0107	2.5373
2.3378	2.8216	2.4206
2.8423	2.1491	1.2184
0.0809	3.1995	2.2927
1.1767	2.4421	0.9376
0.0810	0.7515	1.6734
0.9590	1.8582	0.1457
3.6701	0.5473	1.8728
2.1841	2.3441	1.5052
2.8860	3.3271	2.8048
2.2326	0.6333	0.4019
0.0595	1.6463	1.3993
2.0636	2.2355	2.1137
1.1525	2.0610	0.0164
2.5371	2.5819	1.3188
2.6107	2.6368	2.6729
1.4173	1.9280	0.0766
3.1978	2.7309	3.3419
2.9726	2.6167	2.4929
1.6775	2.8480	3.2214
0.9270	2.9258	0.9067
0.6405	2.9907	1.7631
2.0110	0.7062	1.0091
0.9393	1.0685	1.1370
0.6715	3.1882	0.5170
2.6260	3.1217	2.4865
2.3779	1.1251	1.6681
3.3989	0.2769	0.6756
2.8151	1.3211	1.6553
1.1672	3.2890	2.4766
2.7153	2.3962	0.6939
3.1111	2.7417	2.6603
3.1424	1.4225	1.4636
0.7678	4.1514	2.3245
1.5684	1.4408	1.1538
0.2520	3.1891	2.8743
2.3456	2.1036	1.8135
2.5526	0.3383	4.4988
3.6458	3.3422	2.0827
2.8543	2.3838	2.1122
0.4985	0.3999	3.8490
1.1114	1.6550	0.7209
2.7938	2.6950	2.8865
0.9049	0.0854	2.3437
0.1564	3.2501	0.0188
2.8634	0.9626	1.3544
0.0975	1.7707	0.6728
2.2083	0.2018	3.6813
1.5292	2.2769	4.0574
0.4125	2.7585	2.0540
0.2717	0.5575	3.7819
0.8388	1.0864	0.7579
0.0169	3.4758	0.8434
1.0040	1.6027	0.4399
1.4499	1.4463	0.0019
1.9296	0.3888	6.2380
2.9504	3.1028	2.2902
0.3987	2.2957	2.2322
1.6466	2.4778	1.0741
2.4046	1.1740	4.8897
2.0527	1.7511	0.1902
2.2405	1.0422	7.9962
0.7652	2.9071	2.0652
0.6900	1.1711	0.9298
1.1707	1.2330	3.7605
1.9477	0.3689	1.0637
2.4374	2.3281	0.4364
0.3152	1.3560	0.2917
1.0644	1.3259	2.2875
0.2661	3.0045	0.2579
3.2062	2.7241	1.6565
1.2534	3.5304	1.4460
2.6979	2.9213	2.2259
2.9745	0.3982	1.5813
0.6481	3.0500	0.5185
0.9441	1.0356	2.1371
0.3482	2.8246	1.3514
3.1010	2.4905	0.6579
2.7380	0.0832	4.8580
2.1843	2.5902	1.3812
3.0454	0.4042	1.6297
2.8311	2.4935	2.2340
0.7228	2.2711	1.1897
2.0406	1.5556	0.3842
0.0036	2.9693	2.4963
0.4999	1.8197	1.8490
0.8716	2.3586	2.5902
0.5037	3.0478	0.4670
2.9519	0.8312	3.6642
1.2106	2.7762	3.0968
3.6536	0.6359	0.0306
3.0415	3.4691	2.4588
1.6879	3.2826	3.8962
1.4787	0.1885	2.3513
0.1657	4.2311	2.7726
1.1529	1.0916	2.3737
2.3081	1.9462	2.8740
2.6552	2.3341	1.6191
2.8634	2.9980	3.6598
1.6323	3.2161	3.1094
0.4801	1.8295	2.2679
4.5242	0.1790	0.0823
2.8346	3.3448	3.4058
1.1425	1.9858	0.8796
1.1197	2.8703	3.9753
1.2820	2.8147	1.5434
0.5575	2.2643	1.9057
0.5074	2.7018	1.7338
1.4969	0.1591	1.4302
0.4845	1.9772	0.5145
0.8073	1.8444	1.2896
2.4928	0.8784	0.3049
0.0658	0.6414	1.5957
0.9158	4.0137	1.0248
2.3669	2.2552	0.8130
0.9712	2.6957	0.4370
0.6815	2.9143	1.9802
3.3480	2.4961	1.1192
3.1144	3.2071	3.2487
3.4742	2.0818	1.3655
3.1240	2.4958	3.1934
1.4902	2.1462	1.9353
2.7917	2.1299	0.6305
2.8383	1.5673	1.1221
1.2358	3.4830	2.9077
3.2263	1.5946	3.1115
2.9052	3.4937	1.5267
0.3315	1.1936	2.2799
2.9906	3.1967	2.7599
1.5188	0.4214	6.2685
1.9040	0.7309	1.4504
2.7643	1.0899	2.5888
0.3484	2.7809	1.8406
0.3466	2.2725	0.6234
2.6093	2.6662	0.7308
3.1761	0.9982	1.2812
0.2108	1.4762	0.0248
2.4291	1.0534	3.3457
1.6736	0.4884	1.3121
1.4198	2.4672	1.5581
2.0690	3.3080	2.2172
3.2348	0.6723	1.5925
2.4267	3.3486	2.4884
3.0954	1.9898	3.0338
2.2435	0.5932	0.7228
1.9722	0.2124	1.8811
1.9500	0.4250	1.1019
2.3157	2.1875	3.9083
1.6171	2.4203	1.6841
2.3951	2.9232	4.4818
0.1511	2.0505	0.0373
4.0876	2.6169	0.5251
1.5351	0.1720	2.0685
3.5217	2.6020	0.9177
2.8707	2.2127	1.3518
1.6419	3.3236	2.2864
1.5170	3.3341	2.3766
1.4456	0.2925	2.2124
3.0448	0.7076	1.5936
1.8698	2.7429	1.4957
2.4590	2.5854	1.2875
2.9791	0.3991	7.9274
2.9561	2.8411	3.8120
1.1063	1.9671	0.0247
1.8559	0.3190	1.5948
3.4302	2.4772	0.9946
0.0671	0.9253	3.1294
0.3295	2.0272	1.5258
0.0346	1.8493	2.5667
3.0617	1.7688	0.5377
2.8175	1.0576	1.2084
0.3921	0.0106	4.6690
2.5153	0.7481	0.7654
2.8044	2.8663	2.8720
2.3968	3.4362	1.3780
2.2275	2.9854	2.9084
3.2731	2.8940	2.3526
3.1791	2.6744	2.0577
0.9715	3.3110	2.3598
2.4517	2.6084	2.9337
2.2214	3.0192	1.0325
1.8016	0.0993	1.4351
0.4679	2.2855	1.3487
3.6068	3.1957	1.7248
1.5069	3.6022	2.1615
3.2460	0.5750	2.6086
2.9436	2.2918	4.1308
1.6921	3.9310	2.8256
1.6255	1.8241	1.9775
1.0289	0.5321	2.3621
1.7526	1.4084	1.9732
3.6632	0.2832	3.1432
0.1280	1.5550	0.3995
2.3784	3.7028	1.1051
1.3659	1.5759	1.0657
2.3787	0.2798	0.0605
3.0292	2.6537	1.3433
3.0533	1.2602	3.2430
2.6528	2.5419	1.4022
0.0895	1.3272	1.6128
2.5715	1.6989	2.3569
2.7943	0.9241	6.8777
1.7726	1.7393	0.4049
3.2184	2.4681	2.5922
1.8372	2.5474	0.3821
0.8672	2.3621	3.4203
2.2430	2.7327	2.6262
3.4824	0.5816	2.6010
0.9241	0.2070	3.1093
0.4516	0.3784	0.5903
1.7737	2.0530	2.8076
2.3839	1.8993	2.8462
3.3706	3.3056	0.6508
0.8504	1.2835	3.7799
2.1019	0.0352	1.2397
3.1318	2.2703	1.3173
0.2115	1.6115	1.6887
0.3510	2.4594	0.0012
0.7153	0.6201	2.3122
3.9825	2.8081	1.4436
2.7422	1.2115	0.8618
0.1553	0.2890	0.3873
3.0276	3.4809	0.4765
1.5272	1.0704	0.3173
3.4753	0.6403	2.1413
0.8835	0.9499	1.2660
2.5462	2.0191	0.2398
2.0454	2.1460	1.8360
0.3222	3.3906	1.6931
2.0982	4.2212	2.7671
3.2574	2.0296	4.1211
0.7013	1.5953	0.1111
3.1385	3.0010	1.3112
2.1014	0.0033	3.0505
2.0635	2.2662	0.7779
0.9845	0.6889	3.0486
0.6903	0.3831	1.8507
2.5335	2.8456	1.9393
0.0779	2.7959	1.9959
3.0907	1.8264	2.3341
3.0300	0.5099	0.7868
3.0014	0.2049	4.3189
1.8223	0.1422	2.1731
2.3677	2.1328	2.7548
1.3044	1.4931	2.4625
0.3672	1.5166	2.3716
1.6252	0.7263	0.9781
2.7791	1.7970	3.9918
1.3731	2.2417	0.9686
3.0445	2.3816	0.8521
0.9951	0.6995	0.5690
3.2249	0.1965	0.5396
3.5709	2.8548	1.1170
1.4832	2.1636	1.7348
0.4183	2.1171	1.8648
0.7053	3.8826	2.0277
2.9150	2.5362	2.9408
1.5031	0.3619	8.1095
2.8942	2.9411	1.8437
1.4917	2.9326	0.8230
3.4489	3.1154	3.1645
2.8795	2.6995	3.4074
0.3043	1.5717	2.1505
1.0675	1.6341	2.6317
0.0508	1.6398	1.0054
3.3297	2.5056	1.4494
0.5297	1.0228	2.5082
3.8381	1.1334	1.0348
3.2105	1.5355	2.8789
1.9950	1.8525	2.5982
3.5538	1.8214	1.3836
0.6465	2.4318	3.7334
0.0170	4.1915	1.9601
2.3070	0.3210	3.0568
3.8733	0.1323	0.4388
1.3269	0.2040	0.7955
1.7999	1.6330	1.6405
3.2205	0.6857	1.4933
0.4835	3.9559	1.2315
1.1108	2.0573	1.3806
0.5501	2.1052	1.2893
2.7249	0.8166	1.0335
3.0578	0.0340	4.3869
3.1015	1.7089	0.5325
2.4079	1.0962	1.9266
1.4919	0.3989	0.9435
1.8763	1.0129	1.1977
4.1399	2.7142	3.0142
3.0203	3.1146	2.3683
1.6954	0.0491	4.0609
0.2574	1.1799	1.1674
1.1897	0.2531	0.5390
0.8909	2.2003	0.1383
0.9654	0.6072	2.5818
2.9012	2.9084	0.4929
3.8622	1.9126	0.2041
3.2845	2.8391	2.7742
1.8962	1.1670	1.4573
1.0003	1.5998	1.7899
1.6438	3.4422	2.1956
0.0576	0.5428	2.2343
1.8290	3.1410	1.8640
2.7812	2.3715	0.3110
2.2590	0.9412	0.2209
2.7337	1.9679	3.1590
2.1878	0.8464	6.8782
2.0282	1.0885	2.5771
2.0717	0.2995	0.9247
3.1636	0.6004	3.4708
2.7484	0.7365	7.5032
2.5877	2.7322	2.1099
2.5857	2.9397	2.8730
0.0157	0.0061	0.6981
3.0837	1.1389	2.3754
1.5284	2.0643	0.6016
2.0212	2.0352	3.1074
0.6603	3.0053	1.6694
0.7635	0.7509	2.7488
2.7382	2.9881	2.3847
3.3748	0.0675	2.4302
3.4699	1.6881	2.6828
3.9972	0.9559	1.6224
2.7474	2.7556	0.7371
0.5286	0.3630	1.0444
2.9486	3.1189	0.2590
2.0604	2.6138	2.4400
0.8814	2.5228	0.3685
1.7493	1.9025	3.3879
0.6451	0.5036	0.1840
2.3102	1.5913	0.6141
1.5737	1.8734	3.0662
2.4540	1.0229	0.5888
3.1095	0.3282	0.7515
3.3525	2.9285	2.7911
2.8698	3.4475	2.4912
1.1073	2.9844	1.7847
0.8501	1.5713	1.8291
2.9962	0.2316	2.8629
1.0032	1.9290	0.6882
1.6509	3.0993	1.5794
0.5013	1.7323	1.6609
2.0220	2.8036	3.3220
0.0320	2.8755	0.9104
3.0313	3.6307	1.7955
0.0580	0.6863	6.5239
1.2542	1.4642	1.4713
1.0999	1.8626	1.3727
2.4749	2.5886	4.0766
0.7211	1.4233	3.4641
3.5197	2.8386	0.4913
3.2969	2.2890	0.6742
4.3659	0.2669	0.2552
1.0199	2.9323	0.9928
1.0293	1.0232	4.0452
0.3082	1.5214	2.0388
0.9255	2.8670	0.8019
1.2067	1.5587	0.4609
3.5961	0.2583	2.1087
1.8875	1.2234	1.0767
2.2977	3.0739	1.6999
0.1544	3.4116	1.4881
1.1514	2.8375	1.0876
2.8379	1.9990	4.0369
0.3759	3.3171	1.9960
1.2852	2.4548	1.2176
1.3181	0.3012	0.2800
0.5949	2.7958	3.1538
1.0669	3.0316	0.7711
2.2406	1.4507	3.1313
2.2972	2.9941	2.0999
2.0722	2.3148	6.1555
0.5441	3.4944	0.5333
3.1655	2.6802	1.0868
2.5643	3.2078	1.8498
3.3490	2.6425	0.5148
2.2303	2.2846	1.5102
3.3784	2.3612	3.1414
3.0887	3.1535	2.6619
0.3666	0.8719	1.2158
2.3240	2.6807	2.9419
3.6659	1.7986	1.0883
3.6145	1.2348	3.4853
0.7001	2.8002	0.7583
0.9271	1.4882	1.3868
1.8079	3.3257	0.6541
0.7156	2.7238	3.5427
2.0108	0.6134	1.8178
1.2381	3.1726	2.6483
2.4096	3.5157	2.1193
2.4708	1.6443	3.7739
2.1778	1.0664	1.1643
0.8442	2.5164	0.2645
0.8494	2.6813	1.7655
3.9778	2.5007	0.3171
3.3085	3.7174	1.9723
1.1931	3.0013	0.8439
2.1555	2.9955	2.6491
3.6648	2.8136	2.8064
1.3587	2.4270	3.6277
2.8132	1.4655	1.8479
0.8114	3.2202	1.1465
2.4467	0.6996	1.3978
3.6247	2.8583	2.2089
2.4608	1.8413	2.9953
1.7262	3.2069	0.5501
3.3670	1.2439	3.1821
2.3277	0.9264	0.8106
2.2625	3.3326	2.2776
1.0464	0.5849	0.2575
0.7805	1.3225	2.0045
0.3696	1.5391	1.1549
2.0232	3.2945	2.3499
3.2303	1.5696	0.6513
3.0872	0.7249	1.9052
2.1366	2.9119	4.0708
0.5103	1.2688	0.1003
0.8979	0.8756	1.7805
3.1483	2.9877	4.0828
0.7803	2.1461	1.1804
0.9074	3.1525	1.2548
1.0273	0.1044	0.7867
0.7612	2.8018	1.7082
1.6254	3.0806	1.9004
3.8949	2.5079	0.3962
2.7639	2.0550	0.5569
2.8789	3.0506	2.6347
1.1340	1.4161	2.6799
1.8736	2.4185	0.8386
1.7024	0.7149	1.3159
2.9391	3.2887	0.1930
0.6390	0.5364	0.4479
0.3604	2.2375	1.4510
0.1696	0.9788	3.1633
3.0284	0.7748	3.3341
3.0221	2.5724	2.1888
3.0507	2.6529	1.3058
0.3072	3.1603	0.4013
0.6300	3.1298	2.3701
2.8810	3.1236	1.1678
0.5704	2.7746	1.7170
1.8772	2.0369	4.7227
3.2192	2.4887	0.5090
0.4513	2.6440	2.4204
0.9561	1.0027	2.5825
2.2991	0.5879	1.2431
1.6451	1.0012	1.0756
3.6482	0.9962	0.8287
1.8106	0.4028	3.9229
1.4687	0.5494	3.3896
1.6883	3.7361	1.3347
3.0367	3.2010	1.4153
2.7850	0.1059	0.8640
0.3798	2.8574	2.2402
2.8480	2.2686	0.6441
1.7332	0.2586	3.2004
2.0828	2.0651	0.9863
2.5903	2.5962	1.6604
0.8004	2.7528	1.9281
2.2319	3.3814	0.3669
1.7144	0.2856	0.1487
1.7429	1.4838	0.8334
2.4875	2.2110	4.0754
1.8290	1.1392	0.1865
3.8408	0.7148	2.0850
2.6701	2.7582	2.2771
0.4161	2.3517	2.3320
2.1279	0.8344	3.9879
0.1089	2.6795	2.2816
3.0553	0.8582	2.8884
0.0870	0.6667	1.7802
0.4596	1.7334	2.7664
0.8134	1.7644	0.2385
2.6122	3.1262	3.1523
2.2020	2.6293	2.4945
2.9518	0.3051	1.5244
1.9359	3.0770	0.5713
1.0261	1.8720	3.1920
0.8868	1.2226	2.5483
1.2184	2.9399	0.8880
3.4227	1.8997	2.7536
1.2859	3.6697	1.0892
2.9423	1.3354	0.5314
1.6636	0.0619	1.6666
3.1683	1.7909	0.9139
2.7562	2.9436	2.7201
1.5533	1.6025	2.8852
2.2811	1.7833	0.6587
1.9998	2.7545	0.5179
3.2584	2.4566	0.4496
0.1236	3.3565	0.6548
2.9567	2.8687	1.5716
0.4754	2.9079	2.5114
0.5974	1.2934	1.8203
3.1849	0.3055	1.0009
2.9269	2.4966	0.0938
0.7250	2.7348	2.8623
0.6094	2.0546	2.6939
0.1314	3.0845	0.5362
0.8434	2.2447	2.9187
0.2791	0.0210	4.2641
3.2666	1.6085	0.8324
1.8670	3.4766	1.4314
1.2626	2.6575	0.8498
1.4079	0.2311	0.1352
2.1525	0.6975	1.5248
0.6623	1.6327	2.9907
1.5817	2.8376	0.7321
1.9524	2.1924	2.2652
3.2991	0.9710	2.6640
3.1727	1.0882	1.4714
3.0095	1.6339	1.6221
0.0809	3.4018	0.1533
0.1602	1.0477	3.6961
0.7675	0.0087	2.3004
2.7906	1.7843	4.0379
2.7588	0.5327	2.5838
2.8033	1.9423	2.1120
1.7280	2.7859	0.4371
2.5347	3.0754	0.4128
2.9838	0.6230	3.1987
0.8162	1.7367	0.4246
1.7552	2.7235	1.4452
1.0308	3.2524	1.6045
4.4339	2.6736	0.6579
0.0691	0.6091	0.9270
3.6578	2.7431	0.0709
1.0231	0.9967	0.4072
2.6003	0.0782	2.9926
2.7237	1.6995	3.3806
0.9762	0.2698	1.3109
0.2575	3.0800	2.0250
2.7930	1.4308	2.8000
3.5211	2.3059	3.4321
0.5204	2.8550	1.7368
2.8041	2.6356	1.2320
0.8308	4.2754	2.9263
1.4140	1.0660	2.7539
1.3490	1.6159	0.7043
1.9287	2.2495	0.4366
0.8392	0.0375	1.6030
1.5946	2.5716	0.2883
2.5722	2.2197	5.0013
2.2541	1.0147	0.7173
2.6443	3.0101	2.8249
0.0492	2.7170	0.2229
2.9288	2.3670	3.0272
2.7246	3.1722	2.9470
2.3525	2.0002	1.0867
3.2167	2.4365	0.2633
1.2419	3.1378	3.1784
3.0697	3.3349	1.7009
3.6143	0.6946	0.4189
3.5140	0.6803	2.8188
1.4808	0.4374	0.7353
0.6983	2.0548	1.1798
2.4607	1.5385	1.7978
3.1638	0.9058	1.8461
2.8689	0.6935	2.9540
1.2754	2.6166	1.8177
0.0475	2.1877	4.6213
2.2841	0.5183	6.4166
2.4436	3.3214	0.6743
0.0802	0.6226	0.9574
0.8854	0.0081	0.3247
2.4467	3.1273	0.0585
1.1967	0.6451	0.7259
2.4889	1.3124	7.2812
2.2822	2.1872	1.2136
3.1060	3.3988	1.3132
3.3677	2.5342	3.7200
0.2653	2.2143	0.7472
3.3763	0.0171	1.0412
2.3501	0.2338	3.4196
3.3830	0.7547	1.3361
0.8464	2.7930	1.7232
1.8956	0.3684	0.4212
2.6785	2.5494	3.2907
0.0139	1.5068	2.2641
0.5979	0.2848	3.0023
1.0637	0.8563	4.6299
3.0795	3.2181	1.2252
0.2033	3.6491	1.9935
1.5769	3.7458	2.5413
3.7596	2.6899	2.4347
2.3704	3.0883	0.5817
2.5112	2.6494	0.2504
2.5676	2.5385	3.2150
0.7131	0.1347	4.9688
1.8847	1.9625	0.8366
3.0692	0.6724	1.1444
1.5567	0.8358	1.6508
2.2551	2.5675	3.9276
2.9263	0.4964	1.0443
2.9807	1.5005	4.5644
0.8690	1.8358	2.6318
3.3434	1.0484	0.6195
2.5845	0.3048	1.2244
2.0115	2.9829	3.0015
1.0736	1.9699	2.3729
3.5508	0.2699	1.4479
3.2571	2.0025	0.8254
3.5149	1.5571	0.8386
0.0986	1.1618	3.0537
0.6395	0.4124	0.8950
0.2788	1.9180	2.5384
1.2176	2.2895	3.1755
1.8172	0.2078	1.9782
2.0283	1.7119	0.3668
3.4782	2.7060	2.1335
3.1847	2.7151	1.4971
2.3069	2.9492	0.6763
1.5000	2.6653	4.3446
2.3719	1.8682	1.8186
2.3040	3.2607	3.6879
1.4838	0.4187	1.0439
1.1426	2.6875	1.0572
1.8665	2.5792	2.5821
3.1768	3.2540	3.4957
2.0801	3.0452	3.6873
1.2491	2.6994	0.6376
1.3856	1.3678	0.6821
1.7289	1.5533	2.1794
2.4653	1.8274	1.9200
0.4078	2.2829	0.3112
3.3993	1.3324	0.3369
1.6464	1.8596	2.1332
3.0329	2.5740	2.2917
1.9099	2.8147	0.1392
0.5707	1.6629	1.0395
2.6456	1.1087	0.9289
2.8335	3.0647	2.6346
2.1995	2.7876	3.0961
2.6894	1.5245	3.0724
0.7169	1.1842	0.5137
1.9486	0.9579	0.2594
2.9812	1.7982	0.2406
1.9610	2.8885	1.4323
0.5406	0.4048	0.3603
1.3571	1.7237	0.8994
2.7024	3.1755	0.6712
1.4902	1.7813	2.5238
2.0144	2.3882	1.0160
3.1320	3.1539	2.4264
0.7137	0.0662	1.8120
3.6012	1.7983	1.3316
0.7302	3.1771	2.7991
3.2193	3.2298	0.3707
3.6356	3.0411	0.8763
1.3868	1.7875	1.7264
3.5704	1.2714	1.7148
1.4680	1.4543	4.1733
2.7381	0.8948	2.6764
2.5236	2.8266	0.5283
3.4516	1.2111	0.7694
1.7505	2.7042	1.0209
3.0292	0.7263	2.6688
1.7491	1.3768	0.1984
1.1447	1.0228	2.9544
3.1177	2.8081	2.1325
2.6266	1.1450	1.6755
3.0119	2.1112	1.7423
3.1714	2.0670	0.9754
1.3014	2.8759	1.3288
0.6244	1.6556	2.2367
3.0734	2.2819	0.8806
2.0000	0.7818	3.2806
0.5024	2.7504	1.2393
4.7830	0.5242	0.0669
2.2612	3.0847	1.1139
2.0966	3.2922	0.0341
1.4961	2.6558	2.2979
3.1146	0.1760	2.7936
1.8473	2.8002	2.8891
2.0583	2.6512	1.0322
1.3331	2.4407	0.5826
2.1003	1.3310	1.4880
2.9442	1.2117	1.0067
1.0733	1.3237	0.6430
3.9606	0.2988	1.7082
0.2532	2.5665	0.0759
2.0394	2.7672	4.5936
2.0173	2.7769	0.6290
2.8531	2.1268	0.6594
3.2259	2.4037	0.2413
2.7205	1.9182	3.9030
1.2258	4.0046	2.5207
2.7119	3.1261	2.3572
2.2203	0.4162	0.4174
4.2280	2.5312	0.6801
0.3024	0.6587	1.9399
1.6388	2.4294	1.1805
2.3206	0.1181	1.4045
0.6099	3.4866	1.3130
2.8559	0.4365	3.0009
2.6995	0.0083	0.9467
0.4055	0.2329	2.0123
1.8203	0.2888	0.2512
0.1552	2.3746	0.8295
0.0482	0.1178	1.5446
0.5168	0.4895	1.6964
1.4136	3.5284	2.1970
0.3000	1.2996	0.4154
0.1394	1.2374	0.4802
2.7119	1.0555	0.3435
1.3728	2.0547	0.5139
2.6224	2.4384	2.4812
1.3997	2.5444	1.8716
1.2610	3.6714	1.1914
2.7564	3.4775	2.5364
1.1034	2.0426	0.2423
3.1945	3.3087	1.9775
1.7068	2.9323	0.5186
1.5746	3.8126	3.3639
0.4807	2.1215	2.3086
3.2594	3.3706	3.1086
2.7385	0.0723	2.6985
1.4325	2.7676	0.4404
3.4084	3.0286	2.2619
3.2157	2.9095	2.7861
3.1356	2.8985	0.0541
2.5524	2.2713	1.0791
2.0557	1.1366	1.8071
1.7269	3.0441	2.0410
2.4211	2.9646	1.1625
2.7733	1.1286	1.8389
2.1948	1.9294	2.5438
1.8460	3.1451	1.6067
0.7819	3.4656	0.2969
2.6505	2.9180	1.4257
0.1857	2.0468	1.1319
0.7732	2.5646	0.0125
2.0581	2.7988	1.1721
3.4894	1.0956	3.5677
1.8890	1.4928	2.5113
1.7238	3.6029	2.2310
1.0393	0.9667	2.2532
3.2074	0.1708	4.1066
2.2083	2.5305	2.8530
2.6085	2.4063	1.1323
3.2186	2.1738	3.0977
2.7968	3.5010	1.4185
3.0220	2.9896	2.5097
0.4820	2.8308	0.3100
2.0819	2.6106	0.3355
2.8226	3.0175	1.6732
3.6525	2.4417	2.1509
3.3146	1.3742	3.1270
1.3405	1.0852	1.5961
1.3352	2.5449	0.5193
0.0776	0.2175	1.1647
3.0869	2.2166	3.0277
1.3903	2.0198	3.8723
2.8303	2.7459	2.2111
0.5622	0.8077	2.6943
1.1993	3.3036	1.0084
0.4577	1.0011	3.0692
0.0025	3.2858	1.5801
3.3362	1.6355	0.4173
1.0834	1.2147	1.6476
2.6669	3.1305	1.4794
2.6891	1.8077	3.6861
1.8335	2.4180	1.1577
3.5231	0.1919	6.1914
2.7408	1.6490	1.8104
0.7157	3.5759	2.2408
3.2482	0.5458	1.3397
2.8488	0.8598	2.9276
0.8871	3.6919	2.4714
1.1193	3.1472	0.0995
1.6595	1.8779	5.8581
1.6577	3.0357	3.2372
0.0773	0.7044	3.7756
0.4514	2.1307	1.1584
2.0377	0.0584	0.2993
3.0936	1.5615	3.9831
1.6824	3.0248	1.8318
2.3213	1.2492	2.1143
1.6439	0.1044	3.2992
2.5261	4.1886	0.1334
2.1718	1.1777	0.9012
1.2785	3.0385	1.7997
1.7080	0.3821	4.8423
1.8594	1.0343	2.0694
1.7082	2.6694	3.3149
1.8439	2.3037	0.9118
1.3974	1.2333	0.8412
2.6690	0.3515	0.3881
3.0494	1.4276	2.3910
2.6879	1.6092	0.2293
3.3578	2.0803	1.1925
1.7317	3.1987	0.2224
2.6794	3.7147	0.0069
2.7248	1.1094	2.3400
1.7721	2.5264	1.4617
1.5603	2.3945	1.5828
2.7571	3.0343	2.4241
1.0125	2.8053	1.1780
2.3752	2.7983	0.5046
2.5304	1.5378	1.1730
0.7545	2.8670	1.4913
3.4878	0.0281	0.4611
1.0866	1.0434	1.6788
0.9116	0.8572	0.0681
1.4333	0.6787	2.5002
2.3571	2.9620	2.7365
3.4906	0.7259	2.4576
1.6576	2.6571	0.5020
1.4106	0.1502	1.0033
0.0262	1.2066	2.2601
1.6345	0.7348	3.0852
0.5517	2.3683	0.5598
3.0814	0.8486	2.2952
2.7723	1.5647	1.9732
1.7689	1.8740	3.7805
2.2972	3.0564	1.6033
0.6461	3.4148	3.3233
0.8260	2.5049	2.1273
2.7757	2.2945	1.2937
3.2614	1.0400	2.8608
4.2489	3.0182	1.8325
3.7541	0.6787	2.5762
0.0017	0.9334	1.1379
3.1958	0.5389	1.2731
0.2648	1.3077	0.4810
3.7777	0.3655	0.8988
0.0823	2.1457	1.8579
1.8280	1.8872	1.1458
2.6185	0.2400	3.4329
2.4211	1.2093	1.2953
0.8612	1.3519	0.7525
3.3119	2.7222	3.2803
2.4635	2.6393	3.2997
2.0382	3.1484	3.4798
0.5787	2.0631	0.3878
3.2612	1.2203	2.3511
1.5225	1.7504	0.6542
2.6480	0.4378	2.1534
1.0841	2.9666	1.3108
0.0558	3.0257	1.5041
0.0697	3.1211	2.0353
3.5400	1.2599	0.4275
1.1389	0.9102	2.1739
1.2520	3.0703	0.9110
2.0138	2.8445	2.7979
2.7241	2.2428	3.3604
3.5619	0.6011	0.1710
3.1493	2.5659	3.0897
3.1335	2.9118	0.7156
3.3432	0.2644	2.4312
2.3325	2.4266	0.5657
3.2533	1.8566	3.1308
3.1640	2.6975	2.5081
0.8579	1.0051	1.5928
3.9273	3.3183	2.1950
0.5310	1.5118	5.1248
1.4092	2.5755	2.3753
1.2148	0.8902	0.0020
2.1462	3.8744	3.1734
0.8855	2.9341	1.4297
1.5010	1.3484	2.9471
1.3563	3.5896	2.3183
3.2243	2.1590	1.5435
2.9607	2.6425	1.4790
1.3674	1.2275	3.9738
1.5688	1.5262	1.7616
0.0628	0.6531	2.7370
2.6789	2.7282	3.0485
1.6714	0.4384	3.4088
2.7176	2.7919	2.9435
2.1375	0.6030	0.4462
0.2004	2.6169	2.6438
1.0217	1.1664	2.4240
3.1383	1.4721	1.5555
2.5416	3.0213	0.6586
1.7153	2.6582	0.3885
2.7311	1.2113	2.7155
3.0413	3.1182	0.7722
2.4228	2.4610	1.4604
3.4179	3.0813	2.4656
0.1284	0.8576	0.5391
2.5606	1.8802	2.7729
1.5135	0.8431	2.1112
1.6416	2.1027	1.5298
1.8284	1.2812	1.6048
0.3912	1.6090	2.1784
3.1199	0.7496	3.4326
2.5887	2.8067	2.4149
3.3462	0.1356	2.4659
3.6629	0.6518	0.9639
2.6097	2.8356	1.7798
3.4581	2.8135	2.4028
0.7026	2.1446	2.2508
2.7115	2.6242	3.9176
1.5493	1.9063	0.7951
0.6998	1.0451	2.4767
1.5351	2.1741	4.3326
3.4225	0.7818	2.8375
3.4339	2.4220	1.3047
3.1383	0.3970	2.0420
1.2727	0.8608	3.3393
0.0868	2.0197	0.6011
0.7432	3.2502	1.5454
1.9086	0.9819	1.3374
0.5911	2.7911	1.0505
3.6718	0.8236	2.0425
2.4469	3.7169	2.4367
1.7420	0.6423	2.7600
2.4743	1.8709	3.2746
2.8265	0.8428	4.3322
2.6269	1.4577	3.1498
0.0886	2.7378	2.9474
2.7360	2.9663	4.1161
0.9617	3.1015	3.0752
3.4038	3.5876	0.2391
3.4246	1.1733	0.7344
0.7221	1.4169	2.4148
3.2978	2.5805	2.2302
1.3600	1.6363	0.3543
2.6102	2.6493	3.1840
0.1822	2.8200	2.0411
1.0324	1.2332	0.2165
2.4252	3.1717	0.8709
2.1009	0.7486	0.6573
1.0492	1.1173	4.2130
1.5671	0.3903	5.6094
0.0348	0.1518	5.0881
2.9254	2.3401	0.2049
1.7573	0.1542	4.0600
1.8100	2.0002	2.8099
1.3515	1.9347	4.0161
1.7919	2.2306	1.6765
2.8973	1.1766	3.6817
0.6598	2.5847	2.6718
2.8975	0.7808	1.7179
2.3757	3.0750	2.9046
0.9565	0.0436	1.4722
4.1274	2.4302	0.4497
2.1809	2.4396	1.5731
1.6702	2.7733	2.6832
1.1328	0.1868	0.0894
2.3519	2.2925	3.4740
2.4930	0.2705	0.8294
3.0898	1.8670	2.0655
2.4126	2.8912	3.3746
1.9182	1.0844	3.9692
0.9178	1.6605	1.0865
1.4716	1.2772	3.2980
1.1871	1.7082	1.4452
1.3524	3.1410	0.2157
0.0003	2.0681	2.0770
1.5956	2.7420	3.6012
3.4487	3.1543	3.0614
2.5779	2.1159	0.0922
0.8966	2.9825	2.2196
4.3378	2.0626	2.1729
2.8727	0.1086	1.1988
2.5197	1.5274	3.1154
3.1597	2.7059	0.0191
0.7934	2.2050	1.8426
0.6467	3.0590	1.2951
1.4079	1.6498	1.1793
1.3355	1.1328	2.1802
0.0455	0.8191	0.8261
2.6918	2.0013	3.7490
1.6996	2.8279	2.5260
4.3481	0.6540	0.1466
2.1402	1.4391	1.4792
0.2337	2.1420	0.4107
3.1720	0.7046	0.8046
0.3747	1.1080	1.4404
2.4293	2.6007	0.1776
1.3148	0.0720	3.5720
2.0523	2.0476	1.4351
2.3938	2.9393	2.3507
1.7124	3.1330	3.1685
0.5689	4.0619	1.8459
0.3050	1.8975	1.9985
2.4177	1.3813	2.7764
1.8667	2.7673	1.1103
1.5182	0.1151	0.0452
0.0312	1.3867	0.4436
3.7986	2.9077	1.3490
3.1423	3.0427	2.9587
3.2064	2.8658	1.1773
1.4368	2.3514	2.0923
0.5484	0.2740	4.1241
0.4885	3.5396	3.3103
2.1012	1.9297	1.6431
2.6786	1.2304	4.0173
0.0431	3.1566	0.4432
0.1793	1.1197	2.2183
2.3969	0.5894	1.8893
3.2659	1.3022	0.6591
2.8572	0.8525	2.8835
3.1264	2.3819	2.1493
0.5299	2.5217	0.3457
2.5068	0.9449	0.9166
1.8135	1.6397	1.1480
1.5872	0.2545	3.3751
1.7378	1.9700	0.8692
0.2124	1.0543	2.2997
5.2567	0.8078	0.5276
0.3868	0.9872	3.7330
2.5588	3.0653	2.9298
0.7578	0.9212	1.0008
2.8875	2.6672	2.0175
3.4309	1.2274	0.8756
0.3166	0.0925	2.2486
3.0835	0.6223	0.9285
1.7146	2.5830	1.7911
2.9525	1.1926	2.0134
2.8578	1.6341	0.3443
0.6663	0.6115	0.4596
1.1044	0.8982	2.5050
2.4444	2.6485	1.5824
0.7253	3.3644	2.2727
1.1539	1.1734	3.3448
3.3523	2.2746	2.1080
2.8683	2.4268	0.9341
1.7814	1.7472	2.7727
1.9791	0.6201	1.3549
2.6578	2.9995	2.8562
2.8503	3.1338	1.7826
2.7040	0.5444	1.7194
0.6819	2.3653	4.1944
0.5449	2.4566	3.1106
1.0288	0.0559	2.3414
3.0762	3.2853	2.3873
1.3163	1.8122	1.8491
1.2150	3.0119	0.8060
1.2825	0.3154	2.1370
0.0613	3.2953	0.9113
0.9457	1.1051	2.1584
1.9335	2.2263	4.9306
1.6995	2.9000	2.3210
1.7923	0.6933	3.0639
0.3420	2.7403	2.7124
2.5621	2.9862	3.1400
0.6409	3.2480	1.6779
3.0467	0.7486	2.6804
2.5657	2.6802	4.2314
2.0663	0.2959	0.5078
3.5784	0.5889	0.5701
1.1837	0.2717	3.0851
0.0274	2.9912	0.8426
2.1435	0.3351	1.3526
1.0877	0.5398	0.5807
2.6701	2.5674	0.4310
1.3817	2.5498	2.0191
3.2498	0.9344	2.0104
0.8884	3.3413	0.9864
3.5751	1.7220	1.8637
2.3325	1.2949	1.1309
2.1132	2.9479	0.0493
1.1396	3.2294	0.9878
3.2378	0.2950	4.5112
0.6168	2.6784	1.1007
2.6984	0.6303	1.9739
0.5396	3.1839	0.3189
2.9903	2.9980	0.0028
0.0669	3.1690	1.9096
2.7652	1.7650	1.3509
0.7700	3.4324	2.4258
1.0806	3.4092	2.1988
1.0976	0.7339	1.1718
2.0310	3.2719	3.0552
0.0501	1.4924	1.1384
2.9121	2.8937	0.3852
2.9614	3.1541	2.8915
0.6302	0.7757	2.3070
3.6689	2.3373	0.1745
2.6808	2.6890	1.0327
2.5458	0.5116	1.2020
2.9711	2.6165	3.9656
0.6295	2.0573	0.0721
1.4069	2.7321	1.4740
3.1410	2.4283	0.8004
2.2162	1.1718	2.2023
2.9958	3.4480	2.8652
0.9852	3.3465	3.3507
3.0295	2.5374	1.0914
0.7558	2.8331	2.6342
2.1580	2.5464	1.8549
1.5919	0.0877	0.9856
0.8424	3.7626	0.0143
3.8527	0.7760	0.1754
2.8313	2.4802	0.4408
2.5654	3.1496	1.4974
2.6618	2.4548	2.4790
1.5625	2.7407	0.2759
2.1346	1.9444	4.5124
1.2994	3.0545	0.1024
3.4215	2.9294	2.5905
3.1702	0.2660	0.9700
1.7793	1.9605	0.7015
2.5021	1.4751	3.9922
1.4208	2.2228	3.4229
1.3848	1.8368	2.3240
3.3956	2.8269	2.5983
3.0601	0.0777	1.9963
1.7104	1.0026	0.6285
0.5579	2.3597	4.4795
2.5250	3.1414	2.4361
1.6920	1.9559	1.8829
1.7434	0.6153	3.7557
1.5471	1.7006	1.6552
1.9089	2.6407	0.0333
2.4137	2.6270	3.9544
2.3644	2.4654	1.3561
0.0047	0.8595	1.6154
1.1665	2.8379	2.7069
3.6472	1.9895	2.5288
1.1959	3.3886	1.8801
2.8207	3.6938	1.5283
1.1260	1.2912	0.8355
3.0041	0.2996	0.8023
1.5488	0.2200	2.2954
1.0618	2.4084	0.7735
0.3521	0.7635	3.4565
1.0772	2.0600	0.2438
2.7702	3.4715	1.3174
3.0643	2.6302	2.6902
2.6665	3.3072	2.1409
2.8147	2.5662	2.7676
0.0436	0.2223	2.3687
3.0182	3.2703	1.0197
4.2690	0.0950	0.4384
1.1245	1.4947	0.0022
2.7590	0.0439	3.6290
0.6110	3.0571	2.7731
0.8912	1.3832	4.6018
2.9634	2.3829	1.6876
0.1906	4.0779	0.0432
0.0150	2.4534	2.4372
0.7673	1.9225	2.9029
3.2017	3.4050	3.1186
1.9443	2.7349	3.5725
1.1648	2.7365	1.5953
2.8424	1.3393	0.1380
2.6557	2.3086	1.5684
0.5582	2.2816	1.4115
2.9432	2.8542	0.0129
0.0552	2.2526	1.8471
2.2661	2.9497	2.2636
1.5532	0.6452	1.3689
2.2263	3.7039	1.0805
2.9516	2.7411	2.8889
0.0302	1.6342	2.3774
0.8204	1.7362	1.8154
0.1592	1.7464	2.8003
1.5065	3.6609	2.0971
2.3651	0.8324	2.1834
3.0504	2.5107	2.7780
0.7798	2.7549	2.5908
0.8149	0.8046	1.3250
0.3653	3.8623	0.8648
1.5266	1.6230	2.4615
2.6353	2.9704	2.8736
1.0701	3.1183	1.6295
3.3385	0.9440	1.0609
2.8870	0.0089	3.2638
0.5203	0.9425	5.1315
0.5080	0.1953	1.2589
2.9846	2.2691	2.9034
1.8673	2.6669	1.0134
0.1089	0.1454	2.1098
2.5662	1.4781	4.0298
0.7597	1.5248	1.9564
1.1089	0.3689	1.3674
0.5033	2.1545	0.6369
3.0754	1.3081	1.8893
1.2240	2.7240	0.0716
1.8846	0.0223	3.7373
1.3905	0.0975	1.8132
3.3025	0.4839	1.9894
1.1097	2.7439	0.2288
0.6002	2.4443	0.0990
2.7876	3.0840	1.5862
1.0330	2.7002	0.3936
1.3202	2.5028	1.5174
2.3936	1.6363	2.9645
0.7411	2.1589	0.5984
2.9556	0.7103	1.7954
2.2689	2.7993	1.6057
2.3821	0.3110	2.1343
2.2946	3.3747	2.4692
2.4177	3.4801	2.4082
3.4887	2.8059	2.6471
2.1290	3.3389	3.1886
2.2566	3.2702	3.4203
0.3944	2.7087	3.9709
3.0603	1.9666	4.8363
1.5477	1.6036	0.9670
4.6901	1.7017	0.2216
0.8580	1.9703	2.4945
1.2125	0.7156	0.9770
1.9345	0.6204	0.0820
1.0169	0.8050	5.1345
2.4667	1.1864	2.1306
2.3166	2.0083	0.8962
2.0877	1.0038	3.6928
2.8736	2.4433	3.3897
2.0122	1.1817	0.7254
0.1888	2.7145	2.0007
1.6112	1.0228	2.6162
0.0377	0.3744	6.7026
1.6540	1.9499	2.5986
1.7037	2.1059	3.8050
2.8141	3.0799	2.3465
3.2543	1.6237	2.0866
0.9957	2.2298	3.6311
1.4624	2.2135	0.9773
1.3745	1.9909	1.8031
3.4566	1.1988	2.2805
2.7599	1.3363	0.9346
2.2837	3.1897	2.7319
2.5165	2.5136	3.3835
0.3132	0.9817	2.2459
1.5078	2.8796	1.9213
0.1658	3.2178	0.7921
2.6676	2.2271	3.6056
0.1279	0.8359	1.9976
3.3068	0.5000	0.0281
0.5798	0.4110	2.5978
2.5403	0.4014	4.5386
2.7540	3.4367	1.7864
0.0186	2.6490	1.1644
2.5632	0.2000	0.5276
1.9616	0.6529	1.7232
1.2739	1.2612	2.8696
0.8942	1.1463	2.6021
2.2631	2.9109	3.1707
1.1291	1.8209	1.2228
1.4099	2.5495	1.8134
2.4711	2.7599	2.7436
0.1134	0.9581	3.3548
2.9302	3.2334	1.9834
1.5734	0.3050	1.4512
2.2438	2.7684	6.2279
4.3207	2.3795	0.5536
1.2588	2.6275	2.9701
0.6422	0.1213	0.4447
2.2753	0.3299	0.8167
1.6223	2.9457	0.0113
3.0195	1.5353	2.6564
0.4284	0.5958	2.1082
2.5566	2.9028	1.1067
1.6651	0.0216	0.1858
1.5405	0.1351	5.4954
0.5211	0.3357	3.0742
1.2293	0.4532	4.1535
0.7151	2.5943	1.9551
1.0691	2.2639	2.8300
3.3315	2.5756	0.4358
2.7233	2.3388	1.2386
0.1130	1.0129	1.5290
0.0747	1.7560	3.3931
3.4375	2.9251	0.1297
1.2125	2.7908	3.8998
0.9946	3.4362	2.0282
4.1162	1.6978	1.0773
1.4733	3.8998	3.4754
2.4293	2.7355	0.0431
0.8067	0.7291	0.4408
3.4749	1.7133	4.5422
0.9334	2.6914	1.4382
3.9023	0.9275	1.5190
2.9686	2.1090	0.4508
1.1080	2.5327	2.2112
2.5441	2.2890	3.3666
1.2290	1.3788	4.9198
2.6511	1.8349	0.5669
0.8303	3.2589	1.6527
2.0973	0.2997	2.6679
2.3762	4.3334	3.3992
0.6709	0.8045	3.7917
2.1119	1.1425	3.4749
2.6651	0.9259	0.8348
2.5653	2.6137	3.6781
1.5024	0.2552	1.1483
3.2719	3.3305	2.5716
2.3273	2.8133	1.6840
0.8137	0.7377	3.1275
2.3944	2.4779	4.6149
2.7924	3.1452	2.3389
3.2225	1.0162	2.0595
1.3286	2.4532	0.9272
3.1374	1.2460	1.3888
0.0157	2.8520	2.3359
2.2833	2.2900	0.7747
2.4885	3.0656	1.6188
3.3682	1.5307	2.5274
2.1821	0.8320	4.2074
1.7486	2.3683	3.6569
1.9569	2.0904	0.5770
1.1488	3.1763	1.7599
0.9327	2.3394	0.8565
0.9927	3.0384	3.2350
0.6004	0.2411	1.1787
1.0710	0.8314	1.7223
2.1578	2.3790	2.9520
0.9110	0.4891	0.8751
3.2159	1.5633	1.5853
3.4506	0.6936	2.9488
1.0228	2.0144	3.0759
1.4185	2.5498	2.0244
0.7138	1.4913	0.8828
4.3427	0.5851	0.8115
0.4511	0.3275	0.0327
2.1807	1.0133	2.8032
3.0294	2.7059	2.2907
2.0223	0.0218	2.0110
0.9166	2.9884	2.1246
0.3984	0.3587	1.7131
1.2878	2.0069	1.3637
0.9495	2.8389	1.2771
2.1210	1.1525	0.8708
1.4236	2.7635	1.0027
1.3634	1.6068	1.6710
0.6634	0.8020	0.8390
0.1265	1.0090	2.5716
3.2677	1.1990	0.8469
0.2181	2.7805	1.1510
2.1711	1.3196	4.2219
2.4386	2.3251	1.1938
4.2059	2.6401	2.2538
1.9502	3.7461	1.2528
2.8302	0.1112	4.8908
1.3719	3.1095	2.2695
3.5746	1.3413	1.1764
0.0142	1.5293	2.0972
0.0494	1.2755	3.3143
2.7505	1.6617	1.3389
1.1695	0.3220	1.4779
3.4559	1.3372	3.2764
0.8612	2.6972	3.2271
0.5542	2.0356	2.3330
1.8888	1.6404	1.7283
1.8113	2.6144	1.2350
2.2858	1.8046	2.3780
2.8276	2.7259	2.9673
1.8990	3.1473	2.2900
3.0551	1.4262	1.9281
2.7785	1.9731	0.6456
0.8216	2.6244	2.1048
3.0785	2.6906	1.2527
2.9913	2.3107	3.2664
2.5959	3.1432	1.9683
2.7711	1.6702	0.6649
3.7484	3.1445	1.2500
0.4649	4.1679	1.1062
1.9039	1.4117	0.6519
3.6252	3.0544	1.4003
2.3794	2.3721	3.9954
2.2177	1.9065	4.0976
0.5846	2.9737	0.1974
0.3889	2.1868	1.5780
1.4145	0.6465	3.3623
3.6238	0.4261	0.0017
0.7840	1.3115	1.4385
4.2919	2.3886	0.8126
1.8579	0.9796	1.4921
1.3546	1.8749	0.3431
1.4655	1.6281	0.5063
1.4320	2.0271	1.0286
0.0423	2.7670	2.8402
0.5459	1.9860	0.0942
2.3679	2.9221	2.1581
3.5631	2.3006	2.9109
0.4967	3.0795	0.0891
0.7161	0.4669	2.4166
2.1926	0.4597	5.1865
0.1225	1.9338	0.1746
0.2913	1.3621	0.4207
0.7940	1.7725	4.1213
3.1648	0.3479	2.4393
2.2422	0.5541	1.0715
2.5775	0.3121	0.6920
0.5667	3.8183	1.0153
1.1973	2.0961	6.3715
2.1402	1.5314	0.0227
0.9674	2.6761	3.2251
2.1247	2.7304	2.7597
1.8849	2.9680	0.2574
2.2191	3.0298	2.7336
0.2233	0.9671	0.8163
1.3179	3.1092	1.1362
4.1446	0.3652	0.5378
0.6110	3.5003	1.1742
1.3388	0.2946	2.1112
0.7426	3.0802	1.3481
2.3845	2.0014	1.3926
3.8876	0.6360	2.1722
1.7296	3.2973	0.1599
0.1234	0.8758	0.1436
1.1801	0.8037	2.3720
3.2325	0.1817	2.0975
0.6336	2.7456	1.9709
2.9224	1.0692	2.4693
2.1836	0.0835	0.7034
5.3334	2.3695	0.7616
1.7018	0.0951	1.6403
2.3708	1.7492	5.6158
3.1364	2.8693	2.2172
0.3793	2.8594	1.6951
1.8502	1.8172	1.9887
3.1047	1.0548	5.5165
2.7517	0.1068	3.7654
0.6975	4.5400	1.7987
3.1993	0.5727	3.6858
1.9639	0.2612	3.7598
0.2628	1.5957	2.7928
2.9947	2.9097	0.8533
0.4827	2.6691	1.6639
0.7607	1.0854	1.6779
0.1923	2.8998	3.3241
0.8896	1.4894	0.6032
3.4921	1.0041	0.0796
2.7531	1.2508	2.6331
0.6397	0.7171	0.3095
0.5277	3.2373	1.5554
1.2096	0.2422	1.5507
4.9414	2.7888	0.1885
0.0041	2.3512	2.4729
0.7284	3.2377	0.9062
2.0955	2.9103	2.2079
3.0015	1.4338	3.1607
0.4144	1.9997	1.4280
1.7437	0.1069	0.7114
0.0068	2.5769	0.4301
3.1129	0.3333	4.9707
0.9137	1.8031	1.2654
0.0740	0.5863	1.0923
1.2892	0.3192	2.5673
2.3510	3.3697	2.6058
2.5852	0.3546	2.0656
1.2088	2.8704	4.3271
2.1524	2.2923	0.6559
0.2920	1.7658	1.0434
0.3050	0.9667	3.2065
1.2273	3.2947	3.3569
1.7038	2.0290	4.1499
0.4709	1.7797	1.5888
0.8046	3.7737	2.0411
4.0677	2.6779	0.0114
2.9309	1.5735	3.8477
3.1963	0.8421	4.3292
3.2908	2.4685	2.2782
2.5820	1.7902	1.6118
0.3250	0.6509	1.8587
1.6048	1.4119	4.0328
1.9584	3.2802	1.2227
4.2820	2.5559	0.7572
2.2744	1.5947	0.4184
2.1175	1.0188	0.4801
1.5427	2.6381	1.5364
1.6820	1.3761	2.3089
1.4989	3.4521	1.3673
3.0899	2.8255	0.3651
3.8335	2.8380	1.3181
0.9499	1.0221	1.7832
3.3365	0.6641	2.2439
2.4397	0.3767	2.6311
2.4807	2.5608	4.6269
1.0404	0.7242	2.3307
1.9496	2.5598	3.6173
2.8108	2.2803	1.4138
1.5982	3.0385	0.9745
0.5443	1.5000	0.0280
0.2413	0.5546	1.6754
2.0363	1.6533	0.6730
2.0019	0.7164	2.7206
1.5582	0.2431	1.0539
0.7193	2.9645	0.2418
1.2268	3.2693	2.8193
2.8102	1.4173	0.6645
0.7144	0.4508	2.3249
2.5295	0.8701	2.2625
0.0221	2.5395	0.5890
2.6520	1.3654	0.7604
2.9302	2.6173	0.5241
0.5053	3.6447	1.6793
2.8981	2.7369	2.3173
2.8680	2.4733	2.7360
3.1547	1.2767	2.9867
0.8379	3.1654	3.2830
2.2121	0.3323	5.1876
2.2888	0.6665	3.0776
1.7629	2.5703	0.9015
0.9978	2.5222	0.2182
1.8379	1.3086	4.5804
3.5974	2.0717	0.4590
0.8263	1.3260	1.6609
2.9718	2.5355	2.6227
0.4350	2.3042	2.0404
1.1328	1.6404	0.3734
2.6844	3.2418	3.7745
0.1813	1.2436	1.3700
2.6997	0.9482	4.3388
0.0875	0.5622	1.3198
2.6920	1.4996	3.3708
0.3622	2.9646	3.5095
1.3507	0.4570	3.0352
2.8268	1.4751	1.6946
2.6096	4.0380	2.2121
0.5798	1.4890	2.5449
0.4437	2.0923	0.9420
1.6942	2.5091	1.1311
0.8444	0.8755	3.0389
2.9740	0.6047	2.2817
2.5802	2.6333	2.0770
2.5647	0.8072	2.7503
3.5330	1.1172	2.6065
0.2708	0.7161	0.3061
1.5738	1.2564	0.4673
1.9106	2.9447	2.5554
1.2949	2.5280	0.9276
1.3925	2.6076	2.4638
2.9044	3.1410	2.1218
1.7688	2.2117	1.3236
0.2328	3.6299	1.1287
2.3529	3.0238	2.9687
1.6644	1.9221	1.4420
2.7999	2.4691	0.3550
1.2657	2.5468	2.7948
0.7739	0.7321	1.6621
2.7900	2.0652	2.1087
3.3434	0.7520	1.5593
3.5489	0.6917	3.1782
1.2662	0.0158	0.8657
1.0640	0.2886	3.1110
0.8261	0.3574	2.9861
2.9163	1.6662	1.3454
3.0782	2.6108	1.5232
0.0132	3.0975	2.0809
3.6400	2.2920	1.6575
1.7140	0.5761	0.5061
1.9826	2.1494	0.9921
2.8867	2.7824	1.2074
2.5944	1.3645	3.5647
2.9958	2.6188	1.5521
0.3716	0.5357	0.3841
1.5756	0.2391	3.6436
2.4641	2.8570	2.3410
0.9349	2.4635	0.4019
3.8095	1.7718	0.5137
1.6114	1.2310	1.6870
0.0211	2.0941	0.1990
1.0139	3.1798	2.3239
2.6751	2.3638	2.0511
2.5725	3.0328	1.2423
2.8125	3.2515	3.3571
2.6870	3.0300	3.4833
0.1278	0.4933	1.8580
0.0556	0.1916	0.9168
1.2341	2.0628	2.4309
2.8850	2.4043	1.0057
0.2592	3.4246	2.0544
2.5426	2.8516	1.5371
0.9759	1.4692	0.0333
0.1357	2.9027	1.0101
2.6253	2.8415	2.3439
1.4343	0.5313	3.4503
0.8550	0.8740	1.4059
2.9231	2.5737	1.2071
2.3064	0.1494	2.9018
3.5322	0.8119	0.9690
1.0481	2.7917	0.7910
1.7778	0.4901	3.3671
0.2844	2.8073	0.0056
2.5402	1.5993	1.1368
2.3895	3.0339	4.1365
3.2359	0.1700	0.7212
1.5010	2.7516	1.2259
3.0793	3.0516	2.9392
3.1043	1.2480	2.3552
0.8560	1.2866	0.0209
1.4169	1.1376	0.7395
1.3550	2.6682	3.2861
2.2192	1.5939	0.6981
1.0122	0.8976	6.8920
2.8824	3.3571	3.6037
1.7006	0.1258	0.8509
0.3056	0.2055	2.0460
2.3874	1.8739	4.1571
2.4832	1.1654	0.3982
0.0389	0.0965	1.0997
3.4630	2.5771	1.6946
2.5463	1.3225	0.6946
3.2210	1.2688	2.3768
1.8210	2.7624	1.8849
2.0389	2.6905	0.2645
2.7456	2.4429	2.0032
0.7171	1.5638	2.8589
0.3592	2.2920	1.8571
2.6370	1.7083	3.1099
0.1005	0.8197	1.7530
1.2737	2.6228	2.1679
0.5462	3.3134	2.4001
0.1529	2.1482	1.7039
2.3972	0.2093	1.1025
1.7702	1.0020	2.4775
1.8434	1.0040	2.6147
0.6622	0.2910	0.0190
3.2653	3.0606	1.8400
1.3851	3.3059	1.4865
3.4083	2.8462	2.0003
2.8204	1.6476	1.4828
0.6535	0.1370	4.5740
2.2127	1.8993	0.3616
0.2657	1.8151	3.2384
0.4629	1.8588	2.1347
3.8519	3.0693	2.0803
3.2531	0.7192	1.3606
4.7357	3.2884	1.5275
2.8750	2.1285	1.7039
3.4085	3.1841	2.1017
1.9907	2.9318	0.5499
0.6560	0.3540	1.3551
2.8987	0.2779	4.7668
3.2147	3.7148	2.1301
1.4146	2.7474	1.2660
2.7330	3.5195	1.7151
2.3544	2.9251	2.7818
0.4260	1.0438	2.5080
2.0718	2.8005	0.3817
3.0961	2.1518	0.9490
1.2935	0.1453	2.9228
2.2794	2.2727	2.1546
1.7156	1.6408	0.4373
2.8516	0.0011	2.9602
0.1937	3.1387	1.8525
0.6223	1.6116	2.2603
2.9515	2.1711	0.9020
2.7523	2.1719	0.6755
3.0102	0.7224	3.4594
0.0236	2.6783	1.0057
1.8033	1.9444	2.9441
0.5840	2.5947	2.3514
0.9882	2.2790	2.3287
0.8634	0.7639	0.2952
3.9384	0.2610	1.4310
3.9047	2.3685	0.1136
1.3749	1.2311	3.3979
2.7906	2.5723	2.9153
3.5433	2.6535	0.6102
1.9243	0.5941	3.0880
1.0616	1.5970	2.6575
0.5990	0.0404	2.0422
0.2074	2.3078	1.2673
0.9526	1.9781	2.8941
1.5190	0.4425	1.7477
3.0632	2.9477	2.6090
1.9741	1.8947	0.5462
3.4259	0.8391	1.4358
1.7124	1.5279	1.4273
2.5794	2.7269	2.9742
3.9040	2.1075	1.3127
2.9432	2.6660	1.0864
2.6707	2.6818	2.4696
2.8176	1.3465	3.3338
0.3748	1.4463	0.5322
3.4425	1.2562	2.9795
2.1672	1.0408	1.8678
1.8862	2.0156	0.2021
1.8729	1.2642	2.5001
2.2890	0.1512	3.1506
2.8759	1.1832	1.2383
1.6273	0.5415	0.0372
2.6165	0.0058	3.0935
1.7612	2.0789	0.3121
1.1641	2.5253	1.0871
0.1179	1.6317	1.6947
2.6014	1.0143	4.3865
2.8980	3.0045	0.0123
2.4556	0.1386	0.2854
1.9485	0.8273	1.8938
3.3691	0.8875	2.0413
3.4236	0.0024	1.1917
0.4811	2.2858	2.9734
2.5204	0.5931	4.9927
2.9673	0.9553	3.5477
2.3613	0.8268	1.3518
0.2799	1.4604	3.0050
0.1605	1.5597	2.1829
0.5266	3.0211	3.4971
0.3931	2.7176	0.4209
1.0297	2.7589	1.6161
3.0551	3.0780	2.0783
0.1358	1.0943	1.2575
2.4772	0.1428	2.5974
2.2584	2.3192	1.2364
1.3149	0.1438	5.1193
3.0829	0.5895	2.3702
1.0139	2.8409	0.0204
1.6775	2.9206	0.6074
1.5322	2.7687	0.8847
3.2661	3.2257	2.7052
2.5385	2.1443	3.0887
2.6825	1.5826	0.4905
3.1924	2.3972	2.2333
4.1786	0.0627	0.0052
0.5393	1.2564	2.9319
0.4565	1.5530	3.7968
1.9034	0.8681	1.6793
2.7061	3.7640	1.2583
0.0753	2.4648	2.7988
1.9028	2.4386	1.1394
0.8282	2.4500	3.5791
2.4255	2.7710	3.2357
1.3139	2.4600	4.3027
0.6789	1.2242	1.5763
0.6760	2.2281	2.2836
3.4993	1.6567	2.3734
1.5326	2.6606	2.9104
3.1281	3.3546	2.1786
2.7655	3.1391	4.1856
0.8708	0.5805	3.5358
2.0404	3.2070	2.9290
2.9644	3.2300	1.7535
1.5423	1.1685	2.9275
0.0853	4.2489	1.3630
3.5738	0.3393	0.6834
0.4319	1.9864	1.4387
2.5391	2.9453	4.1564
2.7976	2.2405	0.5139
2.7938	0.3936	3.1145
1.6263	2.2957	0.4096
1.7462	1.0599	3.7541
1.5916	3.5341	2.3057
0.4042	0.1098	0.9921
3.5522	3.5977	1.2672
1.1537	0.9977	1.8904
3.3519	1.5491	0.3155
3.0776	3.1576	2.9918
3.0802	2.8140	1.9474
1.1883	4.0854	1.8932
0.6735	3.6385	1.9595
3.7587	2.7415	1.8259
1.1667	1.7722	2.4099
1.8132	0.6680	5.6695
2.2799	1.6957	2.0590
2.6710	0.2165	1.2142
2.5466	0.1943	2.7668
0.9870	2.7933	0.6736
0.4838	0.2279	1.6448
3.2750	3.3661	2.4659
3.8182	1.8585	2.7619
0.3937	0.2671	2.4667
0.8840	1.1910	0.9001
1.0441	2.3589	2.6466
1.4416	0.7774	1.3426
0.0609	0.4898	0.8771
0.0546	1.5504	3.8807
3.1205	2.1129	1.8598
2.6845	3.4984	1.7384
0.1205	3.2530	0.9404
0.2190	0.8679	3.0234
3.1148	1.8687	1.7403
3.3085	1.6121	1.0424
1.1368	1.7555	1.1744
3.4148	2.5356	2.2900
3.3090	2.5584	0.2528
1.8282	0.3855	1.9517
0.5525	2.9582	1.6365
2.9934	2.6181	2.4371
2.1459	1.0318	0.9700
1.6576	2.6105	0.5253
2.5539	3.2561	0.2142
2.9092	2.9976	0.2714
1.4790	0.1175	4.2086
1.5304	0.8398	2.4977
2.7559	2.9871	3.3321
2.9649	2.8497	3.4847
1.6857	3.5496	2.0995
3.3236	2.6835	2.6673
0.9467	1.3075	1.4366
1.0994	0.0806	0.4499
0.1406	3.3662	0.3719
1.6372	3.1094	2.2090
2.5412	3.2140	4.0130
3.5432	0.1475	0.5482
2.3826	2.0721	1.0393
3.4747	0.5858	0.5082
2.1088	2.6482	2.3010
2.8018	0.0114	0.4376
3.5448	2.6318	2.9217
0.7717	2.7496	2.7213
2.2309	1.8737	0.9834
2.7842	0.0652	2.7363
3.0325	2.6485	2.8869
0.5235	3.6781	1.6640
3.3441	0.1275	1.8140
0.7725	3.3459	2.3154
2.6649	0.6203	4.3227
2.4068	0.7845	1.3048
0.8796	3.4515	2.3923
3.2672	2.9918	3.1531
0.8484	0.8528	0.6877
2.6084	1.2313	2.1753
3.2536	2.0139	2.6768
1.2702	2.9109	0.4102
2.7502	0.4089	1.3014
0.0004	2.9311	0.3166
0.8569	1.2494	3.3362
1.9116	0.9815	4.6142
1.4931	0.0949	1.1596
2.5549	3.2419	2.4379
3.0652	2.6530	1.4412
0.8227	2.4774	4.0966
2.0179	1.4179	1.9718
3.8098	1.7215	2.3670
1.8954	3.2148	1.9529
1.2401	2.2412	1.9008
2.4693	1.5655	2.4771
2.5307	3.4463	2.9873
1.1767	3.1607	1.0233
0.0808	0.2520	3.4387
1.8113	1.4746	1.1423
0.2064	2.1889	3.1250
2.0479	2.8883	1.2782
3.5313	2.1040	2.5418
1.6653	0.9058	1.5775
2.8834	3.3528	2.5097
1.9766	2.3641	2.1895
2.0308	0.6272	0.6051
0.9736	1.5745	2.7791
1.6005	0.0431	1.7274
0.1556	1.1584	0.8155
0.3785	0.6978	2.2000
0.2707	2.4268	1.9304
0.7615	3.5391	0.6110
0.5756	2.5057	1.2210
2.3910	2.9612	2.9209
1.2516	0.8381	0.9426
0.1115	3.6924	2.8106
1.9465	2.1726	1.8026
3.5411	0.3110	5.9452
0.7212	1.5193	0.5259
1.4689	3.4341	1.2693
3.1571	2.7770	3.8260
2.1345	1.2397	0.9343
3.4577	3.3414	1.8931
2.7992	0.6503	1.1957
1.6909	0.4671	2.8592
2.9335	1.5105	2.6922
3.5860	2.7887	3.5415
3.2866	2.9979	2.5976
2.8034	1.3520	2.9445
2.8406	2.8172	2.8286
0.9810	0.4449	2.1125
2.8032	1.0842	3.2066
3.1594	0.5343	3.0710
2.6751	2.6532	3.4676
0.8900	2.9292	0.3446
1.8714	2.3934	4.6720
3.5539	2.2985	0.0588
0.0259	2.2252	2.6586
0.0984	3.1270	0.8458
3.2740	3.7753	2.7877
3.0827	2.5215	2.4839
2.8420	0.8275	4.7363
0.7183	2.0376	0.3128
0.5651	2.8455	0.6274
3.1216	2.8895	0.9090
2.1312	3.1258	2.5343
2.8214	2.5857	1.2971
1.5829	2.6650	2.1700
2.4047	2.9874	1.9984
2.1020	0.4638	1.7396
0.6029	2.3612	3.0104
0.1318	1.4515	0.2832
0.1432	2.7403	0.1771
0.2499	5.6542	1.8185
3.5172	3.3298	1.9375
1.9290	2.9903	2.3092
0.5938	0.3634	6.0752
2.5009	0.5552	0.9169
0.0343	3.6844	2.5665
4.3289	2.7754	2.5171
1.8901	2.4018	2.9871
1.9279	2.5758	0.0124
0.8330	0.1858	1.2235
1.7912	1.4825	0.9819
2.0476	3.4599	0.9256
0.4592	1.5650	1.5609
0.0448	1.9784	2.7385
0.6351	2.0105	2.5932
1.2759	2.5940	5.0193
2.5268	2.0831	0.7990
2.4678	1.0384	4.1953
1.0188	1.5932	0.4661
2.5258	1.9309	0.9482
3.0592	2.6323	3.2193
1.5526	0.8871	4.1607
1.0860	0.7532	1.4929
2.5494	2.4822	1.5448
1.3813	3.1709	1.5435
2.7264	2.1568	0.1102
2.6770	1.6708	1.7245
1.8009	1.8827	0.3145
3.6816	2.1871	0.2566
2.7782	2.6864	0.1206
3.4394	2.1936	1.2334
0.1757	2.9717	3.2904
2.7222	2.5503	0.9484
3.3783	2.3135	0.0138
2.9379	1.2343	3.6910
0.7219	2.0177	1.8854
0.5189	3.2588	1.1351
0.2521	3.4516	0.6230
3.0618	3.0034	0.9748
3.0210	2.7231	3.0355
2.4819	2.6129	0.3377
3.2470	2.7908	1.8214
2.9455	3.1362	0.7749
1.0107	2.8243	0.6916
2.7256	0.6409	1.6566
2.1940	2.2719	2.7734
2.5271	3.0773	0.2376
0.2855	0.3909	4.2774
0.5718	1.6175	0.0041
2.6354	2.9117	1.4414
1.4641	1.1681	0.5668
0.9293	2.5819	3.9153
3.1571	0.3636	0.3120
3.7571	0.6080	0.2349
0.1999	0.4108	0.6196
2.7493	1.5431	0.1149
2.4982	0.2328	1.3443
2.0937	3.3444	0.6269
2.4943	2.3311	2.9095
0.7795	3.0004	0.7119
1.3861	2.2427	1.2737
0.5274	3.5033	2.3148
2.6200	1.8176	3.2601
3.0855	0.8803	4.9728
0.1831	0.6900	0.4835
3.1407	2.8850	1.1106
1.3147	2.1415	3.6023
0.5337	0.6627	2.1520
1.3699	1.3423	2.0703
2.4778	0.9799	4.5581
2.9940	3.2215	0.7367
0.0073	2.1452	2.2510
2.4958	2.8129	1.7169
3.5291	3.2529	0.8546
2.8465	2.7168	1.4297
1.1291	3.0348	2.4604
1.0922	0.5663	1.2302
3.4529	1.8527	2.2376
2.2966	0.3630	3.2365
2.9179	2.1074	0.6366
1.1046	0.3144	1.7512
2.1156	0.4612	2.2788
0.0405	3.2363	3.2844
0.0487	2.8766	1.6770
4.7962	2.7537	0.6987
0.7361	3.0566	1.6273
1.0441	1.9478	1.9899
0.1958	0.8588	1.9330
1.4503	2.9923	1.1013
1.4067	0.0148	2.5861
1.5147	2.1963	0.7262
2.3896	2.9731	2.9772
2.3205	1.8601	1.0602
0.6544	0.6070	2.3270
3.1210	0.1629	4.2383
1.2046	0.2417	1.5153
2.3567	2.2022	2.8752
2.8745	1.8823	3.5126
2.3745	0.5823	3.6900
0.3751	2.3076	1.4016
0.5056	0.6559	1.1987
2.0255	1.7456	3.9580
3.2220	0.2871	2.5884
2.4828	2.5816	1.8687
0.9466	1.3107	1.7091
1.9349	2.2692	0.6968
0.9340	0.6152	0.6553
3.2912	1.1735	0.5633
1.2577	1.7560	2.7119
1.2780	0.4994	1.1188
1.7088	0.2243	3.4208
0.3180	3.0274	1.2600
0.2001	2.3126	1.2112
0.0510	3.5499	1.9617
2.3383	2.6335	0.0273
2.2602	0.2860	3.6630
3.3163	3.0504	1.7117
2.3108	1.5307	0.8960
0.9748	2.7543	3.6947
0.1900	2.8062	0.8107
3.6606	1.7317	1.7080
0.4047	2.1093	2.5478
4.3762	0.8868	0.5323
0.1860	1.4457	0.2447
3.1565	1.9905	0.0927
2.5029	2.9133	0.4671
0.5952	3.3728	1.1770
0.7697	2.3069	0.1949
2.5533	2.5200	6.4852
0.0910	1.8243	0.9638
1.0459	0.1354	1.1167
2.2682	0.5349	1.4864
2.6283	0.9038	2.3578
3.3659	0.0973	3.1869
0.8463	3.0076	0.4825
1.7469	0.4666	2.1115
0.1561	1.6721	2.1436
2.6787	1.8843	2.7220
3.6038	3.1055	3.1114
0.5879	3.6907	1.1192
3.0287	3.0569	0.9889
1.1346	1.3770	0.7046
3.6874	2.4900	0.0080
1.3946	1.9594	2.5928
3.9939	0.5108	1.4040
0.6318	1.2868	2.7752
0.2989	3.6215	1.7421
0.2601	1.9972	1.1638
2.3375	2.5167	2.6381
1.4825	2.3428	2.7930
2.0379	1.0989	5.3218
0.2044	1.3308	3.3471
1.5004	3.4836	0.2979
2.6640	2.4445	1.9446
0.6467	2.4911	1.0783
2.2033	3.8322	3.2508
2.6493	0.9098	3.2993
2.1172	0.8194	2.0065
3.3773	3.0677	0.5163
1.1034	1.1182	2.2524
0.0189	0.5058	4.8915
3.1733	0.3924	2.7937
1.9805	0.7534	2.5949
0.7129	0.1505	1.0340
0.3083	0.2573	1.6018
3.1194	3.0665	3.0960
3.5495	0.7207	1.3425
0.6041	2.8960	0.2447
0.1547	0.4430	3.3318
0.8577	0.4247	0.8285
3.0987	0.0810	2.9271
0.8975	2.4350	1.4588
0.0529	0.8751	0.7673
3.6268	0.3283	2.9674
1.6036	1.0749	2.7763
2.9926	2.4658	0.0044
2.9248	3.0865	0.8680
2.7315	2.7445	1.4267
0.2577	1.0071	1.3447
0.9086	0.6190	2.0582
0.1555	2.2070	2.3533
3.4216	1.3245	0.7095
1.9268	3.2730	1.3044
2.3863	2.4963	1.8386
0.3459	3.2506	1.9490
0.7438	3.1509	1.9866
1.3239	1.6473	3.5297
3.5894	3.7064	1.0784
0.0162	2.9604	3.2032
3.3787	0.5001	3.5912
0.8146	3.0265	0.0584
2.8199	2.9965	1.5347
1.1602	0.8063	2.6306
1.3441	2.2326	3.5809
0.6798	1.7227	1.0249
0.2636	2.0145	0.6247
2.7934	1.7688	2.3940
0.0189	2.7895	2.7090
1.7977	2.8537	2.6947
1.1048	1.1165	2.2080
0.8776	2.3243	2.1814
1.1550	0.5104	0.8146
1.3753	1.0910	1.0339
3.2818	3.1135	2.6690
0.1871	2.6600	1.1434
0.1824	0.2570	0.7304
2.9339	2.7483	0.7564
0.0529	0.5484	1.7723
2.4269	3.1610	1.7077
0.0203	0.7919	0.0869
1.0597	1.1330	3.4295
1.6126	2.0277	0.1249
0.8264	1.8426	0.9839
3.5843	2.0958	0.3402
1.4458	2.9431	1.3959
2.6987	0.8913	3.4381
1.8381	2.6241	0.8335
1.0274	3.0431	1.7505
0.4450	0.8518	3.2787
0.1016	2.8262	0.2529
0.7388	3.1564	2.3045
2.0550	1.4013	3.1968
1.3081	1.2224	1.2242
0.6585	0.8784	1.1261
1.8128	2.5253	0.8276
0.4020	1.8004	3.5620
2.2051	2.3588	2.0442
1.0059	1.2746	2.7537
3.0901	2.5630	0.6115
0.6486	3.4899	1.0513
1.7541	2.1609	2.9387
0.9004	0.6003	1.2943
3.4282	3.2593	2.3452
2.1010	1.9524	2.6327
0.0562	1.5794	2.6831
2.3654	1.2559	0.0010
1.2499	2.1786	0.0654
2.7628	0.0588	1.3246
1.5724	2.7971	1.8053
0.1243	2.9029	2.2144
1.4114	2.1734	1.5085
0.4584	1.7460	1.8375
3.2546	1.1704	0.9837
0.4047	2.8165	0.5081
2.1132	0.0777	0.2751
2.3713	0.1573	0.2810
0.5033	0.4307	1.7716
2.9540	3.0859	0.2431
0.5088	1.2578	2.8965
3.1095	2.8155	2.7295
0.8201	2.6660	1.6330
1.1124	0.0935	2.4794
1.7641	2.3281	0.4896
3.0800	3.3115	2.3125
0.4374	1.3855	2.4106
0.0837	2.0230	1.9999
1.1411	1.4338	3.7454
1.0911	2.0468	4.1037
0.1215	0.8555	1.0382
0.5490	1.7919	1.5032
2.6867	2.5023	3.2430
1.6909	0.1468	2.6096
1.4716	0.6137	0.7735
0.0701	1.4163	2.4427
0.0804	1.1003	2.2213
3.0629	2.6763	3.6501
3.3055	2.8599	0.1560
3.5620	2.0728	2.0989
2.5799	3.0962	5.9729
0.1626	2.7345	0.8850
1.2381	0.5814	1.3853
0.6867	2.7342	2.6988
2.6319	2.6016	1.0552
2.0464	2.2830	1.2941
2.4015	2.3436	0.6440
2.0090	1.2489	0.8638
0.0974	1.3820	2.2763
1.3003	3.5993	0.0436
2.1065	2.0728	3.5406
1.1056	1.0489	1.0429
2.6150	2.9713	1.0862
0.4194	2.4983	3.1579
2.4642	1.0757	0.2624
2.2395	1.0098	1.4714
2.6657	0.6868	0.1020
0.8093	1.0543	2.4162
2.2389	0.8653	2.7679
3.7591	2.0175	2.6880
3.1412	1.5740	2.1902
0.7401	2.8562	2.1307
0.0431	3.5332	1.8806
1.2397	3.3225	3.5194
1.6854	2.4452	0.3329
1.5069	1.1473	3.6904
2.3243	2.6805	1.0799
4.5216	0.9383	1.3322
2.9327	2.1845	2.9874
2.5065	1.3310	0.1203
1.8522	2.0308	3.4544
3.1557	2.2083	2.4430
3.5162	2.3569	1.8586
3.8015	3.3869	2.2112
2.0855	0.2684	3.4266
0.9122	3.3257	0.1757
0.4687	0.3944	3.4291
3.4298	0.0612	1.4012
1.1645	1.3377	1.8782
3.1494	0.3249	0.2501
2.3540	1.3650	2.0095
0.3752	2.3729	1.8924
0.1636	2.9156	2.4102
0.4709	0.5483	1.7094
1.3432	2.6273	1.3156
2.0528	2.8468	1.9136
0.5211	2.4326	3.9074
1.7301	2.9267	2.4289
1.6789	1.6776	2.6431
0.3888	2.7052	2.4860
0.5515	3.5060	1.6267
3.2055	3.2150	2.7320
2.6060	2.1305	2.6502
3.1453	2.7425	1.5203
0.6930	2.6700	0.7138
0.8457	0.2362	1.7137
1.0000	0.4163	1.1629
2.5672	4.1221	0.1279
0.5929	3.1978	1.3979
2.7007	1.4127	4.5145
3.2648	2.9114	2.4124
2.2906	1.2764	0.0722
2.6092	2.1201	1.9999
1.2533	0.1253	0.2232
0.8895	1.9457	3.1069
0.4284	0.0530	0.3280
2.2625	2.4844	3.8654
1.8619	2.8290	2.5252
1.0008	0.1042	1.6817
2.6332	0.7834	2.0262
3.7577	2.7254	1.6395
2.6876	1.6317	6.5727
3.3503	2.9721	2.2090
1.5637	2.3144	0.3302
0.0152	0.7495	1.5433
1.6613	3.1057	1.5801
0.2051	1.6317	0.9018
0.2375	2.8150	1.9746
1.3057	0.8802	0.3140
2.3065	2.1892	1.3232
1.0778	1.5724	0.3310
1.5030	3.2482	1.8103
1.5316	1.3082	2.4171
3.8589	2.4021	1.5913
2.8074	1.9226	3.2559
1.7779	1.1946	0.3479
0.4576	3.1668	2.5890
2.9826	2.8224	0.6561
0.0710	1.2618	0.9121
2.5168	0.4893	2.8007
0.5499	1.4528	3.8531
3.9084	1.4319	0.8057
2.6833	3.2128	1.6124
1.1022	0.6282	0.5558
0.2518	2.5922	1.0156
2.5876	2.1665	2.2334
2.8996	0.9953	0.4979
1.4420	0.8347	1.1589
2.5860	0.5660	4.5332
3.0755	2.1905	2.2473
0.7849	1.5914	0.9008
0.8796	1.6850	2.7188
1.2498	1.8227	1.6406
3.9641	0.4011	1.7680
2.6281	2.4315	1.9841
1.3160	1.6933	0.7084
0.5829	2.3950	4.5293
0.3515	0.4954	1.3751
1.7511	0.5199	1.2227
2.1577	0.9968	3.7582
1.3082	2.8493	3.0841
2.4638	0.3656	2.3366
0.9935	0.2464	1.1885
1.8513	0.6213	0.5809
0.4433	1.0343	0.2270
0.4055	0.5988	2.1439
2.4195	1.0504	1.0653
1.6012	0.5916	0.8684
3.0982	1.5314	1.5813
0.5448	3.6740	1.7459
1.8287	1.7951	3.0951
3.0590	1.1428	3.0940
2.5012	0.8450	2.5897
2.5841	1.0804	8.1240
0.1329	0.0816	3.0695
3.6388	0.2304	0.6405
2.8288	0.2452	7.6020
0.0740	1.6566	2.0488
1.5428	0.5348	3.9456
3.2546	1.0470	2.1297
3.5184	0.8364	0.0012
3.3245	0.7655	2.2458
0.8711	1.0756	6.8268
2.8182	3.2167	2.5078
3.2948	3.1653	1.5171
0.2695	2.7075	1.5611
1.7249	0.8202	3.0866
3.1887	1.9778	2.8459
3.4664	0.0518	1.4888
0.6830	3.1215	2.7651
2.9848	3.0527	2.6653
2.4016	2.5981	2.6734
2.2950	0.5960	3.8996
2.6873	0.2052	2.8686
2.8260	2.3799	1.6563
2.1688	3.1395	1.8864
0.3217	0.2712	3.6332
3.3260	2.0240	2.2350
2.9513	2.7636	1.4635
3.1128	2.5165	2.7650
0.2227	1.2904	0.7713
3.0797	2.4339	1.7876
2.5089	3.1075	2.9781
1.6525	2.6897	3.8293
3.3961	1.5395	1.2882
0.3308	2.9957	1.7254
3.4867	1.1415	1.0402
0.5144	1.0210	2.9990
2.8738	3.0547	2.8910
2.9555	2.7062	0.6547
3.4927	3.2523	1.9258
3.0833	2.5295	0.9538
0.4604	1.1768	1.0940
2.6597	2.4758	2.4537
3.7412	2.1191	3.0286
1.3473	2.5104	2.0955
1.7976	2.9127	1.9332
0.6045	3.1204	3.0191
0.5434	0.5061	2.5872
2.7894	0.9799	0.6279
0.7436	1.7919	2.7234
2.6346	0.8722	1.0483
0.0863	2.6774	3.4293
0.0555	1.0016	5.6015
0.0016	0.0539	1.0506
1.4305	1.6287	1.2072
1.3125	0.4503	3.6941
3.4856	3.1831	1.0434
0.2045	2.6982	2.2017
2.9296	0.6116	5.3252
0.5379	0.9609	2.7482
0.3156	1.6589	1.7795
4.4324	1.0414	0.9178
2.4126	2.0491	2.6905
3.6754	2.8578	2.5731
2.8151	1.2385	3.3008
1.0984	2.6049	2.0054
2.0743	1.6477	1.8655
1.8098	1.5168	1.1115
0.3590	0.2401	1.1582
3.2331	3.1691	2.8023
1.0671	1.0870	0.7245
2.3742	2.8661	2.5973
3.3806	2.8203	2.4271
2.5514	1.2533	1.8542
4.2529	1.0853	0.6658
1.6401	1.0308	1.6534
1.9210	2.5068	2.9862
2.7577	3.0123	0.6606
0.0195	0.1720	1.3281
2.5734	2.1878	1.8137
0.2806	3.3544	2.9594
1.2793	0.0882	4.3479
3.4061	2.8215	1.7480
2.4483	1.1709	1.7019
1.9060	2.9083	0.6905
0.5263	3.3310	0.5109
0.0444	2.1647	3.5616
3.6429	3.0546	2.3648
2.2432	0.2909	2.9636
1.2155	2.9491	3.6770
0.7425	2.0995	2.1264
1.4549	2.8643	4.1028
5.3920	1.1073	0.7737
0.9450	0.6734	0.5235
3.2935	2.5519	0.3859
0.0226	2.1126	2.7393
0.5247	2.2050	2.3071
2.9202	0.3963	3.2901
1.8536	3.2472	3.1638
1.5210	2.9318	3.0739
0.4334	2.3389	2.6454
2.7530	2.8698	1.3491
2.4291	2.7286	1.0043
1.4286	1.6789	3.4737
1.0753	2.7808	2.1748
3.3196	3.3080	2.5804
1.3661	0.0553	3.3165
0.4905	1.1493	2.1486
0.7015	0.4178	3.3557
0.5872	0.5367	0.0294
1.2292	2.7331	0.5577
0.4640	2.7165	0.0322
0.9854	2.3705	2.0837
1.3490	0.7435	1.5105
0.2098	1.3979	2.6519
0.5165	0.3511	2.1486
2.3530	2.4891	3.6774
2.2845	2.4424	0.6131
2.6815	2.3948	0.0364
3.8477	1.1136	0.0940
3.2490	3.6870	0.1784
2.3201	0.8951	1.0192
1.1803	0.8118	0.5612
0.2719	2.3536	1.8310
3.6561	1.0110	0.4694
0.0178	1.9711	0.3716
3.1424	3.2612	1.1229
0.8357	2.4887	2.1929
1.2802	0.3736	2.9847
0.1118	3.9535	3.1474
3.1850	2.8180	1.5526
0.3392	0.1289	0.2301
0.8464	3.2494	0.3732
0.3376	0.2996	1.4004
2.0631	1.2437	0.4700
3.8590	2.4460	1.1838
0.2668	2.7548	3.4260
1.9421	3.2793	3.3145
2.1493	2.2270	3.7719
3.5511	0.2863	0.1703
2.0918	2.7887	0.7894
1.7052	1.3954	2.5669
0.5904	0.9557	1.0930
3.1189	1.4362	3.9022
0.4329	2.0698	0.3418
0.6443	2.3236	0.0725
2.6087	1.5379	1.5410
2.9537	1.3850	0.6464
2.1089	1.8248	4.3656
1.3852	1.1228	3.5264
0.5525	0.8168	1.3213
1.4027	1.4267	2.6870
2.3787	0.7892	4.5456
0.8227	2.6064	1.6298
3.8426	3.2200	0.6331
0.7269	1.6752	2.9948
1.7391	0.1841	2.7328
1.7261	0.6961	0.6769
0.0075	2.9941	1.7309
3.5171	1.0960	1.3905
1.1127	2.8770	3.0003
1.4001	0.9162	0.4691
1.2896	2.0005	1.0201
3.0467	1.1678	0.3863
1.2253	3.5619	2.2277
1.9203	0.8332	0.0399
2.3460	2.4986	2.6621
2.9606	2.5676	0.9565
2.5261	2.8723	0.3334
0.4209	2.3150	2.7334
0.3500	0.2738	3.1334
3.0289	0.0893	1.4774
2.1351	2.8291	0.6813
2.9119	1.4514	1.0200
2.4287	2.3430	0.8222
3.5852	1.5831	3.2984
2.5155	2.4584	0.2062
0.4407	3.5668	1.9616
1.5718	0.8555	0.0951
1.7403	1.8493	2.1396
2.8916	2.5658	2.9950
0.2733	1.1975	1.4952
1.3753	3.2763	2.6282
3.3657	0.1351	4.0225
2.6586	1.3689	0.8418
0.6991	3.1689	0.7137
3.0124	2.1645	3.2819
2.8700	3.7055	2.7939
0.5284	0.2914	0.0096
2.2337	1.8522	2.5173
1.6779	0.6343	6.2498
0.5492	1.3105	0.0630
3.2714	2.8228	0.2669
1.4109	2.8868	0.1966
3.6821	3.2842	2.8845
2.4393	0.3020	3.9732
2.5079	2.5305	1.1273
2.7009	0.7502	5.8789
2.0696	2.2951	2.5316
1.2859	0.8474	0.9597
0.9924	2.2082	0.2253
3.0322	1.6816	2.6102
1.3457	0.1226	1.8210
1.6986	2.8848	2.1833
0.5071	2.1463	3.0233
0.8158	0.7297	4.6206
1.4210	1.2517	0.8689
2.7693	3.0009	0.6476
0.0107	3.9862	2.3130
0.0384	0.5351	1.9644
1.1752	3.0308	0.9829
1.8625	1.3804	0.4263
2.4305	2.6196	0.0943
2.9192	1.6057	3.8259
0.4148	0.8703	2.0013
2.0639	0.1588	4.1193
2.0788	3.0398	1.0253
2.1089	3.2307	3.3222
1.5640	3.9698	1.9120
2.3088	2.4475	3.2570
3.5551	2.6445	2.5035
1.1839	3.1326	2.8476
2.4706	0.8937	1.1450
3.5498	3.1038	0.7695
1.8052	1.3336	1.4812
0.5714	1.6614	2.1534
1.3914	0.4306	3.3266
2.5771	2.7253	0.8200
3.7089	1.6959	3.2411
1.6268	0.9286	1.3289
0.0562	0.9058	0.0919
3.2497	1.2174	3.0976
1.9404	0.4846	4.7255
3.1267	2.9493	2.1981
0.0102	0.5493	0.5911
0.3309	2.1523	1.5050
3.2338	1.0801	2.9461
2.9666	0.7463	2.4407
1.3779	1.7529	3.0667
3.1438	1.1855	0.6139
0.7394	1.8104	2.7231
0.9970	2.8449	2.7445
1.8808	2.8877	2.6815
1.6522	0.6426	2.5270
2.6013	0.6790	2.6421
3.2320	0.5915	2.5785
3.1112	1.8285	2.7231
2.6001	2.9510	3.6850
3.9337	3.1024	2.9108
2.9380	2.7948	3.5050
1.5840	1.8701	0.0005
2.5613	2.0713	4.6081
0.2878	3.1862	2.1851
0.1628	0.0669	2.2785
2.4205	2.6441	3.5936
0.2821	0.9205	0.6645
1.0544	2.0688	2.7968
2.0628	1.6395	1.5474
0.1878	0.9638	3.0644
2.9650	2.4722	2.8003
1.5405	2.1404	1.2343
0.0869	2.7081	2.0973
2.8506	1.5071	3.0960
1.7789	1.5883	0.5166
1.2423	1.7264	2.7816
0.0486	3.2110	2.2486
0.3759	1.1704	1.5902
1.6798	3.4471	2.6113
1.6894	3.1752	2.2761
2.9656	0.2836	2.8732
2.2173	1.0824	0.7196
0.9967	1.2413	0.5261
0.0739	1.4945	1.3351
1.8303	3.1459	2.2162
3.0459	2.2172	0.4283
1.2830	1.2714	3.8465
0.0627	3.3233	1.7473
0.7154	0.0319	1.1243
0.0629	1.2639	1.1620
1.9347	3.1077	1.6556
2.2527	1.3519	5.0783
0.1728	0.9380	0.1909
0.6896	0.8366	0.2300
1.0444	1.8795	0.7615
3.3014	0.9126	0.1763
3.6716	0.0800	0.6111
1.6091	0.2073	4.5451
1.6549	3.3030	2.6279
1.3214	1.9372	3.3507
1.9133	2.3002	3.8433
1.9286	1.5757	1.1241
3.4795	0.6738	2.0442
1.0952	4.4433	1.9804
3.7141	3.2116	2.1216
0.1708	3.5954	1.9330
2.3814	2.8842	2.4140
0.2626	0.7236	1.4856
3.5247	0.8234	2.2268
2.8948	0.0673	3.0696
4.1082	2.5975	0.1029
1.5805	3.7726	2.6521
0.0447	3.6218	2.2059
2.3449	2.5939	1.0519
1.3926	2.1368	3.5642
3.0549	1.0620	0.7920
3.2205	1.4995	2.7628
2.3758	2.5167	0.7838
3.6549	2.3825	0.0198
3.2154	0.9740	1.6932
4.1938	1.3729	3.7777
2.9469	0.4502	3.9491
2.6133	0.2506	2.0773
0.7770	3.4000	2.2834
0.7824	3.2976	1.3714
3.8002	3.1711	0.8928
2.1466	0.9155	0.9697
2.6176	0.2042	2.3705
1.3191	0.2625	0.0238
1.3766	2.6207	3.2820
1.7674	1.5976	2.9569
3.2456	1.8401	4.6838
2.3365	0.9351	3.7170
0.8673	2.6750	3.3503
1.3290	0.8201	0.6767
0.0239	0.7093	1.3409
2.6093	2.2157	3.3716
2.5728	0.9173	1.1189
3.0621	1.6051	2.9936
1.4226	2.8542	2.1420
0.0215	1.7038	2.7225
0.9582	2.0474	1.4401
0.5877	1.3880	1.1603
0.8870	0.4220	4.1165
2.8729	0.9562	1.7017
0.5320	0.6404	0.5028
2.8660	1.7491	3.8372
3.3529	0.5829	0.4504
0.1876	1.0077	3.0456
0.5445	0.0831	0.0217
2.7155	3.1705	2.0218
0.9169	1.1776	3.9077
2.3193	3.0636	5.0707
0.8398	3.8059	1.3910
0.9680	1.7403	1.6293
2.0972	2.6946	4.4544
3.5569	4.0783	2.0720
2.5782	0.8649	0.9079
3.4334	2.5266	0.7146
1.6022	2.7808	1.1209
3.6058	1.5152	0.0070
0.6262	2.7949	3.1143
1.6591	3.0439	2.9286
2.4649	2.2734	1.9289
3.2004	2.8219	0.1963
1.6030	0.6988	0.2374
0.0690	2.5167	0.0218
1.4190	2.8969	3.1058
2.8677	3.1086	2.6822
1.7475	0.2458	1.4198
0.0695	3.3666	0.2780
0.4228	1.9610	1.7953
0.1407	2.7866	2.2209
2.5166	2.9580	0.0810
3.4971	0.0566	0.4763
1.6147	2.9798	1.8817
2.7482	0.2962	4.0261
2.6430	2.2601	2.1055
2.6129	0.9676	4.2473
3.1716	2.4266	2.5730
2.4907	0.6711	2.7939
2.9595	1.1967	1.3584
1.7437	2.0304	1.2202
2.6547	3.0168	2.5820
1.6928	0.0487	1.3513
0.0310	2.2358	0.9732
2.7987	3.1751	2.6373
1.9975	1.1663	3.4727
1.0386	0.1559	2.0909
2.5465	0.3090	1.3850
2.8753	3.0992	0.6652
0.7103	2.9907	0.8468
2.7354	2.0070	2.5244
2.9705	3.1864	1.7929
2.5322	2.6317	0.9771
0.6414	1.3630	1.2861
0.5407	0.5843	2.5159
3.6597	3.5561	0.4434
0.8711	0.7057	0.9080
3.0279	2.3026	2.5100
0.1928	3.2464	1.7761
0.3298	2.9124	0.0949
2.7022	3.1611	2.9059
2.8337	0.5497	3.3505
1.8900	2.4057	0.3717
1.4744	1.7163	2.7926
3.7661	1.5375	0.5289
1.2664	3.3136	2.9259
2.4748	1.0335	3.2991
1.0325	3.2074	2.6406
0.0859	1.8185	1.4068
0.0382	1.3568	2.4125
3.3870	0.2881	2.8517
2.1024	3.3194	2.0138
1.7333	2.8179	1.6596
0.8928	2.6745	1.1587
1.2914	1.6905	2.4651
0.1833	0.4590	0.0277
1.1969	1.9067	3.0163
3.8186	3.3310	0.5228
1.1994	0.7681	3.6870
1.8181	1.8421	0.7583
0.7468	1.1486	0.7014
0.0210	2.6663	2.4732